name,duration_sec,duration_hms,size_bytes,size_mb,path,indexed_in_db
"Relaxing Vintage Music 10 Hours  1920s 1930s Music Ambience  ASMR Hotel Ambience.mp3",36091.507,10:01:32,866196303,826.069,"action/Relaxing Vintage Music 10 Hours  1920s 1930s Music Ambience  ASMR Hotel Ambience.mp3",yes
"Vinyl ASMR - 1920s Jazz & Swing!.mp3",36072.816,10:01:13,577165868,550.428,"action/Vinyl ASMR - 1920s Jazz & Swing!.mp3",yes
"AMENHOTEP lll - Ancient Pharaoh Music - Mystic & Calming Atmosphere - Dark Prayers & Mystic Chants.mp3",17999.040,04:59:59,288591248,275.222,"ancient/nephren-ka/AMENHOTEP lll - Ancient Pharaoh Music - Mystic & Calming Atmosphere - Dark Prayers & Mystic Chants.mp3",yes
"4 Hours of Sacred Choir Music for Relaxing, Prayer, Meditation & Sleep.mp3",16031.295,04:27:11,257647058,245.711,"contacts/big-city/rome/4 Hours of Sacred Choir Music for Relaxing, Prayer, Meditation & Sleep.mp3",yes
"Arkham Horror LCG - The Mountains of Madness.mp3",16077.576,04:27:58,257601526,245.668,"ancient/rise-of-the-elder-things/Arkham Horror LCG - The Mountains of Madness.mp3",yes
"4 Hours Call of Cthulhu Dark Mystery Orchestral Remix for Gaming, Arkham Horror LCG, Call of Cthulhu.mp3",15297.594,04:14:58,245727239,234.344,"ancient/cthulhu/4 Hours Call of Cthulhu Dark Mystery Orchestral Remix for Gaming, Arkham Horror LCG, Call of Cthulhu.mp3",yes
"Relaxing Vintage Music 4 Hours ｜ 1920s 1930s Ambience Music ｜ Gramophone in the Table.mp3",14983.053,04:09:43,240395470,229.259,"action/Relaxing Vintage Music 4 Hours ｜ 1920s 1930s Ambience Music ｜ Gramophone in the Table.mp3",yes
"2 LAKE CAMP --- ❄ Scary Cold Howling Snowstorm in a Frozen Arctic Environment for Relaxation, Sleeping and Fantasy.mp3",14417.607,04:00:18,230942298,220.244,"contacts/antarctica/lake-camp/2 LAKE CAMP --- ❄ Scary Cold Howling Snowstorm in a Frozen Arctic Environment for Relaxation, Sleeping and Fantasy.mp3",yes
"Unholy Anthem to Idiocy： AZATHOTH (dark Lovecraftian space ambient).mp3",12907.572,03:35:08,206896194,197.312,"ancient/syzygy/Unholy Anthem to Idiocy： AZATHOTH (dark Lovecraftian space ambient).mp3",yes
"The ULTIMATE Monster Hunter World Battle Themes.mp3",12198.426,03:23:18,195183404,186.141,"combat/The ULTIMATE Monster Hunter World Battle Themes.mp3",yes
"UNIVERSAL --- DnD Calm Fantasy Music for Adventure and Exploration ｜ 3 Hour Mix for Dungeons & Dragons.mp3",11095.275,03:04:55,178578974,170.306,"contacts/expedition/expeditions/city/UNIVERSAL --- DnD Calm Fantasy Music for Adventure and Exploration ｜ 3 Hour Mix for Dungeons & Dragons.mp3",yes
"Blizzard Storm Sounds ｜ Relaxing Winter Background Sounds ｜ Heavy Wind & Snow.mp3",10806.283,03:00:06,174060180,165.997,"ancient/ithaqua/Blizzard Storm Sounds ｜ Relaxing Winter Background Sounds ｜ Heavy Wind & Snow.mp3",yes
"HOT --- Indiana Jones ｜ Adventurous Ambient Soundscapes with Epic Music from the Film Series, 4 Scenes in 4k.mp3",10810.880,03:00:11,173872407,165.818,"contacts/expedition/expeditions/hot/HOT --- Indiana Jones ｜ Adventurous Ambient Soundscapes with Epic Music from the Film Series, 4 Scenes in 4k.mp3",yes
"Abandoned City ｜ Eerie Ambience ｜ 3 Hours.mp3",10800.091,03:00:00,173618534,165.576,"contacts/devastation/Abandoned City ｜ Eerie Ambience ｜ 3 Hours.mp3",yes
"Cthulhu ｜ DARK AMBIENT LOVECRAFTIAN MUSIC - 3 hours.mp3",10800.065,03:00:00,173578263,165.537,"ancient/cthulhu/Cthulhu ｜ DARK AMBIENT LOVECRAFTIAN MUSIC - 3 hours.mp3",yes
"3 Hours of ＂Prison＂ Ambience  - Amnesia The Dark Descent (No Music).mp3",10800.091,03:00:00,173349805,165.319,"contacts/obstruction/detained/3 Hours of ＂Prison＂ Ambience  - Amnesia The Dark Descent (No Music).mp3",yes
"Cthulhu Dreams in R'lyeh ｜ Underwater Dark Ambience ｜ 3 Hours.mp3",10800.091,03:00:00,172804742,164.799,"ancient/antediluvium/Cthulhu Dreams in R'lyeh ｜ Underwater Dark Ambience ｜ 3 Hours.mp3",yes
"Sitting in an empty 1920's bar - Ambience 3 Hours focus.mp3",10800.144,03:00:00,172804396,164.799,"action-muted/Sitting in an empty 1920's bar - Ambience 3 Hours focus.mp3",yes
"＂Yeti's Realm＂ Fantasy Ambience ⧸ Himalayan Encounter - Blowing Snow, Creature Sounds.mp3",10800.065,03:00:00,172802388,164.797,"ancient/ithaqua/＂Yeti's Realm＂ Fantasy Ambience ⧸ Himalayan Encounter - Blowing Snow, Creature Sounds.mp3",yes
"3 UNDERWORLD --- D&D Ambience -  Dark, Dank Cave.m4a",10520.080,02:55:20,170138159,162.256,"contacts/dreamlands/underworld/3 UNDERWORLD --- D&D Ambience -  Dark, Dank Cave.m4a",yes
"You're at a ball in The Gold Room (1921 Overlook Hotel ambience, oldies, people chatter 3 HOURS ASMR.mp3",10615.589,02:56:56,169854804,161.986,"action-muted/You're at a ball in The Gold Room (1921 Overlook Hotel ambience, oldies, people chatter 3 HOURS ASMR.mp3",yes
"D&D Ambience -  Calm Sea Sailing.mp3",10520.085,02:55:20,169752537,161.889,"contacts/general/sea/space-2/D&D Ambience -  Calm Sea Sailing.mp3",yes
"D&D Ambience - Ship In Storm.mp3",10520.007,02:55:20,169728261,161.865,"contacts/general/sea/space-13/D&D Ambience - Ship In Storm.mp3",yes
"D&D Ambience -  Dark, Dank Cave.mp3",10520.085,02:55:20,169600996,161.744,"contacts/other-world/underworld/D&D Ambience -  Dark, Dank Cave.mp3",yes
"D&D Ambience - Ship Cabin.mp3",10520.007,02:55:20,169209920,161.371,"contacts/general/sea/space-12/D&D Ambience - Ship Cabin.mp3",yes
"5 CITY OF THE ELDER --- Arkham Horror The Card Game - City of the Elder Things - Original Soundtrack from Edge of the Earth.mp3",6420.506,01:47:01,154092283,146.954,"contacts/antarctica/city-of-elder-things/5 CITY OF THE ELDER --- Arkham Horror The Card Game - City of the Elder Things - Original Soundtrack from Edge of the Earth.mp3",yes
"6 SELEPHAIS --- Y2meta.app - Arabic Ambience _ Old Arabian City Ambience (128 kbps).mp3",9083.087,02:31:23,145329530,138.597,"contacts/dreamlands/celephais/6 SELEPHAIS --- Y2meta.app - Arabic Ambience _ Old Arabian City Ambience (128 kbps).mp3",yes
"Victorian Ambience： LONDON'S MYSTERY - The Dark Alley ｜ Mysterious Ambient Music with Thunderstorm (mp3cut.net).mp3",8332.800,02:18:53,133334113,127.157,"contacts/big-city/london/Victorian Ambience： LONDON'S MYSTERY - The Dark Alley ｜ Mysterious Ambient Music with Thunderstorm (mp3cut.net).mp3",yes
"Amarna -- Relaxing Ancient Egyptian Music & Night River Ambience ｜ Triangle Harp ｜ sleep, study, meditation.mp3",7818.815,02:10:19,125490039,119.677,"contacts/egypt/tel-el-amarna/Amarna -- Relaxing Ancient Egyptian Music & Night River Ambience ｜ Triangle Harp ｜ sleep, study, meditation.mp3",yes
"2h Dark Cinematic Ambience “The Shadow Out of Time”.mp3",7322.514,02:02:03,118540676,113.049,"contacts/other-world/great-race/2h Dark Cinematic Ambience “The Shadow Out of Time”.mp3",yes
"2 Saat Osmanlı Musiki (Hasret).mp3",7267.683,02:01:08,117846391,112.387,"contacts/big-city/istanbul/2 Saat Osmanlı Musiki (Hasret).mp3",yes
"1 ENCHANTED WOOD --- Enchanted Forest - Music & Ambience ✨🌲🧚🏻 (mp3cut.net).mp3",7290.985,02:01:31,117804937,112.348,"contacts/dreamlands/enchanted-wood/1 ENCHANTED WOOD --- Enchanted Forest - Music & Ambience ✨🌲🧚🏻 (mp3cut.net).mp3",yes
"Alexandria -- you're in the library of alexandria overflowing your mind with so much knowledge (playlist).mp3",7359.164,02:02:39,117749295,112.294,"contacts/egypt/alexandria/Alexandria -- you're in the library of alexandria overflowing your mind with so much knowledge (playlist).mp3",yes
"Cthulhu's Temple - Dark Ambient Music - Immersive Lovecraftian Horror Atmosphere.mp3",7310.524,02:01:51,116971796,111.553,"ancient/cthulhu/Cthulhu's Temple - Dark Ambient Music - Immersive Lovecraftian Horror Atmosphere.mp3",yes
"2 Hours of Dark Mystery Horror Music： Beyond Arkham H.P. Lovecraft.mp3",7213.944,02:00:14,116945821,111.528,"mythos/2 Hours of Dark Mystery Horror Music： Beyond Arkham H.P. Lovecraft.mp3",yes
"Prison Cell ｜ Ambience ｜ 2 hours.mp3",7199.086,01:59:59,116619679,111.217,"contacts/obstruction/detained/Prison Cell ｜ Ambience ｜ 2 hours.mp3",yes
"Amarna -- Mysterious Ancient Egyptian Tomb Ambience ASMR 🏺 Tomb Sounds, Sand Debris, Moaning Phantoms + Mor (mp3cut.net).mp3",7197.074,01:59:57,116569402,111.169,"contacts/egypt/tel-el-amarna/Amarna -- Mysterious Ancient Egyptian Tomb Ambience ASMR 🏺 Tomb Sounds, Sand Debris, Moaning Phantoms + Mor (mp3cut.net).mp3",yes
"DARK AMBIENT MUSIC ｜ H. P. Lovecraft - The Dunwich Horror.mp3",7200.000,02:00:00,116490945,111.094,"ancient/yog-sothoth/DARK AMBIENT MUSIC ｜ H. P. Lovecraft - The Dunwich Horror.mp3",yes
"Post Apocalyptic City Ruins ｜ Ambience ｜ 2 hours.mp3",7199.556,02:00:00,116251233,110.866,"contacts/devastation/Post Apocalyptic City Ruins ｜ Ambience ｜ 2 hours.mp3",yes
"Occult Meditation - Gregorian Chants - Dark Monastic Chantings - Occult Dark Ambient Music.mp3",7200.078,02:00:00,115901767,110.533,"ancient/abhoth/Occult Meditation - Gregorian Chants - Dark Monastic Chantings - Occult Dark Ambient Music.mp3",yes
"ANUBIS Meditation - Dark Mysterious Atmospheric Ambient Music.mp3",7199.086,01:59:59,115829253,110.463,"ancient/nephren-ka/ANUBIS Meditation - Dark Mysterious Atmospheric Ambient Music.mp3",yes
"OSIRIS Meditation - Egypt God Meditation - Dark Mysterious Atmospheric Ambient Music.mp3",7199.086,01:59:59,115742876,110.381,"ancient/nephren-ka/OSIRIS Meditation - Egypt God Meditation - Dark Mysterious Atmospheric Ambient Music.mp3",yes
"20s Music and 20s Music Hits with 20s Music Instrumental Playlist.mp3",7186.416,01:59:46,115701908,110.342,"action/20s Music and 20s Music Hits with 20s Music Instrumental Playlist.mp3",yes
"Sancta Tenebrae -  Occult Dark Ambient Music - Dark Monastic Chantings - Dark Gregorian Chants.mp3",7200.078,02:00:00,115664656,110.306,"ancient/abhoth/Sancta Tenebrae -  Occult Dark Ambient Music - Dark Monastic Chantings - Dark Gregorian Chants.mp3",yes
"2 You find yourself in a familiar city, but there's no electricity.mp3",7200.418,02:00:00,115615279,110.259,"contacts/other-world/future/2/2 You find yourself in a familiar city, but there's no electricity.mp3",yes
"Discovery - 2 Hours of Ambient Sci Fi Music ｜ Tranquil Atmospheric Ambience.mp3",7106.612,01:58:27,115263326,109.924,"contacts/expedition/ruins/Discovery - 2 Hours of Ambient Sci Fi Music ｜ Tranquil Atmospheric Ambience.mp3",yes
"20s & 20s Music： Roaring 20s Music and Songs Playlist (Vintage 20s Jazz Music).mp3",7194.175,01:59:54,115113531,109.781,"action/20s & 20s Music： Roaring 20s Music and Songs Playlist (Vintage 20s Jazz Music).mp3",yes
"Astray - A Deeply Mysterious Ambient Journey - Ethereal Ambient Forest Music [Sci Fi⧸Fantasy Vibes].mp3",7106.612,01:58:27,114374796,109.076,"contacts/expedition/ruins/Astray - A Deeply Mysterious Ambient Journey - Ethereal Ambient Forest Music [Sci Fi⧸Fantasy Vibes].mp3",yes
"dark-ambient-east-(black25-teach me the magick of your sacred poems).mp3",6755.553,01:52:36,108093494,103.086,"ancient/abhoth/dark-ambient-east-(black25-teach me the magick of your sacred poems).mp3",yes
"Anne-Sophie Mutter und Münchner Orchester - Beethoven Violinkonzert - Beethoven 5 (mp3cut.net).mp3",6581.016,01:49:41,105725548,100.828,"special/characters/patrice-hathaway/Anne-Sophie Mutter und Münchner Orchester - Beethoven Violinkonzert - Beethoven 5 (mp3cut.net).mp3",yes
"Abandoned Town Ambience and Music  fantasy ambience of ruins of a town with music #ambientmusic.mp3",3726.106,01:02:06,89426683,85.284,"contacts/devastation/Abandoned Town Ambience and Music  fantasy ambience of ruins of a town with music #ambientmusic.mp3",yes
"Hallucinations (Lovecraftian Dark Ambient Hour).mp3",3700.950,01:01:41,88822941,84.708,"ancient/hypnos/Hallucinations (Lovecraftian Dark Ambient Hour).mp3",yes
"Vintage Music ｜ Best Songs From The Roaring 1920s #vintage  #goldenage  #roaring20s.mp3",5499.089,01:31:39,87992279,83.916,"action/Vintage Music ｜ Best Songs From The Roaring 1920s #vintage  #goldenage  #roaring20s.mp3",yes
"DARK MYSTERIOUS AMBIENT MUSIC ｜ The Hall of the Dead King.mp3",5456.065,01:30:56,87890019,83.818,"contacts/expedition/ruins/DARK MYSTERIOUS AMBIENT MUSIC ｜ The Hall of the Dead King.mp3",yes
"D&DRPG Combat Music Mix  1 Hour  Royalty Free  Travis Savoie.mp3",3638.596,01:00:39,87327693,83.282,"combat/D&DRPG Combat Music Mix  1 Hour  Royalty Free  Travis Savoie.mp3",yes
"The Curse of La Llorona ｜ Dark Mysterious Ambient Music.mp3",5400.111,01:30:00,87145896,83.109,"contacts/big-city/buenos-aires/The Curse of La Llorona ｜ Dark Mysterious Ambient Music.mp3",yes
"1 Hour of HP Lovecraft Music ¦ The Streets of Arkham and Other Places.mp3",3627.180,01:00:27,87052466,83.020,"contacts/big-city/arkham/1 Hour of HP Lovecraft Music ¦ The Streets of Arkham and Other Places.mp3",yes
"2 ULTHAR Peaceful Village Ambience and Music  morning in a village ambience with fantasy music #ambientmusic.mp3",3615.896,01:00:16,86781629,82.761,"contacts/dreamlands/ulthar/2 ULTHAR Peaceful Village Ambience and Music  morning in a village ambience with fantasy music #ambientmusic.mp3",yes
"10  .mp3",3609.469,01:00:09,86627402,82.614,"contacts/general/wilderness/space-10/10  .mp3",yes
"Sahara -- Crossing the Desert Ambience and Music  sounds of a desert with ambient music #ambientmusic.mp3",3609.391,01:00:09,86626775,82.614,"contacts/egypt/sahara-desert/Sahara -- Crossing the Desert Ambience and Music  sounds of a desert with ambient music #ambientmusic.mp3",yes
"Sailing Ship  High Seas Ambience  1 Hour.mp3",3601.110,01:00:01,86426781,82.423,"contacts/general/sea/space-11/Sailing Ship  High Seas Ambience  1 Hour.mp3",yes
"3 UNDERWORLD --- Monster Infested Cave Ambience.mp3",3599.151,00:59:59,86379761,82.378,"contacts/dreamlands/underworld/3 UNDERWORLD --- Monster Infested Cave Ambience.mp3",yes
"Traditional Japanese Music  Shamisen, Koto & Taiko Music.mp3",3450.648,00:57:31,82816846,78.980,"contacts/big-city/tokyo/Traditional Japanese Music  Shamisen, Koto & Taiko Music.mp3",yes
"1920s Orchestra Swing Love Music From The Golden Age ｜ Old Dusty Fascinated Vinyls.mp3",4914.077,01:21:54,78636641,74.994,"action/1920s Orchestra Swing Love Music From The Golden Age ｜ Old Dusty Fascinated Vinyls.mp3",yes
"Cthulhu - A Cryo Chamber Collaboration.mp3",4782.603,01:19:43,78590936,74.950,"ancient/antediluvium/Cthulhu - A Cryo Chamber Collaboration.mp3",yes
"3 UNDERWORLD --- CAVE SOUNDS for DEEP SLEEP ⛰️  INSIDE the CAVE Ambience⧸ASMR + WATER DRIPPING.m4a",4800.053,01:20:00,77632560,74.036,"contacts/dreamlands/underworld/3 UNDERWORLD --- CAVE SOUNDS for DEEP SLEEP ⛰️  INSIDE the CAVE Ambience⧸ASMR + WATER DRIPPING.m4a",yes
"Fascinating Rhythm： Great 1920s Vintage Jazz Music Hits (Past Perfect) #TheCharleston.mp3",4722.077,01:18:42,75562496,72.062,"action/Fascinating Rhythm： Great 1920s Vintage Jazz Music Hits (Past Perfect) #TheCharleston.mp3",yes
"Dunwich Fantasia - Gnosis of Yog-Sothoth (Lovecraftian Dark Ambient Hour).mp3",4678.505,01:17:59,74858331,71.390,"ancient/yog-sothoth/Dunwich Fantasia - Gnosis of Yog-Sothoth (Lovecraftian Dark Ambient Hour).mp3",yes
"1920s Music Golden Age Orchestra Music ｜ Old Dusty Fascinated Grooves Playlist.mp3",4670.093,01:17:50,74728896,71.267,"action/1920s Music Golden Age Orchestra Music ｜ Old Dusty Fascinated Grooves Playlist.mp3",yes
"Charleston： Great Stars And Songs of the 1920s. Dance to Tunes Remastered by Past Perfect.mp3",4574.067,01:16:14,73193492,69.803,"action/Charleston： Great Stars And Songs of the 1920s. Dance to Tunes Remastered by Past Perfect.mp3",yes
"DARK AMBIENT MUSIC ｜ Yuki-onna - The Snow Woman will leave you frozen in Fear.mp3",4405.969,01:13:26,71840305,68.512,"contacts/big-city/shanghai/DARK AMBIENT MUSIC ｜ Yuki-onna - The Snow Woman will leave you frozen in Fear.mp3",yes
"Spiders' Cave _ Fantasy ASMR Ambience _ 1 Hour 4.mp3",3600.000,01:00:00,71530045,68.216,"ancient/atlach-nacha/Spiders' Cave _ Fantasy ASMR Ambience _ 1 Hour 4.mp3",yes
"The Shadow Over Innsmouth ¦ 1 Hour of Dark Mystery HP Lovecraft Horror Music.mp3",4378.253,01:12:58,71225645,67.926,"mythos/The Shadow Over Innsmouth ¦ 1 Hour of Dark Mystery HP Lovecraft Horror Music.mp3",yes
"Out of Space and Time (Dark Ambient Hour).mp3",4343.354,01:12:23,70461489,67.197,"contacts/obstruction/lost/Out of Space and Time (Dark Ambient Hour).mp3",yes
"Nyarlathotep  - Dark Music Part 2 ⧸ 3.mp3",4315.847,01:11:56,69645454,66.419,"ancient/nyarlathotep/Nyarlathotep  - Dark Music Part 2 ⧸ 3.mp3",yes
"ANUBIS AWAKENS ｜ Dark Mysterious Ambient Music.mp3",4273.763,01:11:14,68886986,65.696,"ancient/nephren-ka/ANUBIS AWAKENS ｜ Dark Mysterious Ambient Music.mp3",yes
"Yig 1⧸2 - A Cryo Chamber Collaboration.mp3",4221.048,01:10:21,68504699,65.331,"ancient/yig/Yig 1⧸2 - A Cryo Chamber Collaboration.mp3",yes
"Hastur 2 ⧸ 2.mp3",4235.180,01:10:35,68445040,65.274,"ancient/hastur/Hastur 2 ⧸ 2.mp3",yes
"Hastur 1 ⧸ 2.mp3",4183.771,01:09:44,67622496,64.490,"ancient/hastur/Hastur 1 ⧸ 2.mp3",yes
"The King in Yellow ¦ 1 Hour of Dark Orchestral Horror Music.mp3",4150.570,01:09:11,67603893,64.472,"ancient/hastur/The King in Yellow ¦ 1 Hour of Dark Orchestral Horror Music.mp3",yes
"you're in a russian novel _ dark academia playlist [RveIxb_jZmM].mp3",5014.335,01:23:34,67476118,64.350,"contacts/general/city/space-16/you're in a russian novel _ dark academia playlist [RveIxb_jZmM].mp3",yes
"Epic Dark Dramatic Intense Action Music ｜ ＂ Chaos And DESTRUCTION ＂ - Epic Battle Music Mix 2023.mp3",4140.722,01:09:01,67377740,64.256,"ancient/shudde-mell/Epic Dark Dramatic Intense Action Music ｜ ＂ Chaos And DESTRUCTION ＂ - Epic Battle Music Mix 2023.mp3",yes
"Yig 2⧸2 - A Cryo Chamber Collaboration.mp3",4146.528,01:09:07,67312413,64.194,"ancient/yig/Yig 2⧸2 - A Cryo Chamber Collaboration.mp3",yes
"Alexandria -- Ancient Egyptian ｜ Ambience & Music - Necropolis of Alexandria (mp3cut.net).mp3",4117.812,01:08:38,66612538,63.527,"contacts/egypt/alexandria/Alexandria -- Ancient Egyptian ｜ Ambience & Music - Necropolis of Alexandria (mp3cut.net).mp3",yes
"5 DYLATH-LEEN --- Thebes - Ancient Fantasy Journey Music   - Beautiful Ambient Duduk for Study, Reading and Focus.mp3",4092.056,01:08:12,66375971,63.301,"contacts/dreamlands/dylath-leen/5 DYLATH-LEEN --- Thebes - Ancient Fantasy Journey Music   - Beautiful Ambient Duduk for Study, Reading and Focus.mp3",yes
"Summoning Cthulhu - Sounds from the Deep.mp3",4101.225,01:08:21,65624566,62.584,"ancient/antediluvium/Summoning Cthulhu - Sounds from the Deep.mp3",yes
"DARK AMBIENT MUSIC  Lovecraft  Lost in Arkham.mp3",2700.147,00:45:00,64803663,61.802,"contacts/big-city/arkham/DARK AMBIENT MUSIC  Lovecraft  Lost in Arkham.mp3",yes
"Nyarlathotep  - Dark Music Part 1 ⧸ 3.mp3",3952.901,01:05:53,63838377,60.881,"ancient/nyarlathotep/Nyarlathotep  - Dark Music Part 1 ⧸ 3.mp3",yes
"1 Hour HP Lovecraft Music ¦ The Esoteric Order of Dagon.mp3",3882.024,01:04:42,62905609,59.991,"mythos/1 Hour HP Lovecraft Music ¦ The Esoteric Order of Dagon.mp3",yes
"Azathoth 2 ⧸ 2.mp3",3900.134,01:05:00,62817765,59.908,"ancient/azathoth/Azathoth 2 ⧸ 2.mp3",yes
"HOT --- Wilderness Travel ｜ D&D⧸TTRPG Music ｜ 1 Hour.mp3",3821.479,01:03:41,62528356,59.632,"contacts/expedition/expeditions/hot/HOT --- Wilderness Travel ｜ D&D⧸TTRPG Music ｜ 1 Hour.mp3",yes
"INNER SANCTUM  ( 1 Hour  Meditation in Darkness) - Occult Dark Ambient - V E X A G O R A.mp3",3861.081,01:04:21,62453148,59.560,"ancient/abhoth/INNER SANCTUM  ( 1 Hour  Meditation in Darkness) - Occult Dark Ambient - V E X A G O R A.mp3",yes
"CITY --- Large City ｜ D&D⧸TTRPG Music ｜ 1 Hour.mp3",3791.621,01:03:12,61920339,59.052,"contacts/expedition/expeditions/city/CITY --- Large City ｜ D&D⧸TTRPG Music ｜ 1 Hour.mp3",yes
"1920s Hotel ASMR Ambience {with vintage music from Tower of Terror}.mp3",3856.927,01:04:17,61888072,59.021,"action-muted/1920s Hotel ASMR Ambience {with vintage music from Tower of Terror}.mp3",yes
"Cthulhu - Dark Atmospheric Ambient Journey - Lovecraftian Horror Music Inspired by H.P. Lovecraft.mp3",3806.772,01:03:27,61731120,58.871,"ancient/cthulhu/Cthulhu - Dark Atmospheric Ambient Journey - Lovecraftian Horror Music Inspired by H.P. Lovecraft.mp3",yes
"CITY --- The Adventure Begins ｜ D&D⧸TTRPG Music ｜ 1 Hour.mp3",3758.132,01:02:38,61381358,58.538,"contacts/expedition/expeditions/city/CITY --- The Adventure Begins ｜ D&D⧸TTRPG Music ｜ 1 Hour.mp3",yes
"Noir Jazz Ambience 🎷 Empire of Sin background 🎶 Rainy Night in 1920s Chicago_ Film Noir Remix 🎶 [WPdzpAUEMtA].mp3",3737.809,01:02:18,61360097,58.518,"contacts/general/city/space-5/Noir Jazz Ambience 🎷 Empire of Sin background 🎶 Rainy Night in 1920s Chicago_ Film Noir Remix 🎶 [WPdzpAUEMtA].mp3",yes
"Epic Combat ｜ D&D⧸TTRPG Battle⧸Combat⧸Fight Music ｜ 1 Hour.mp3",3731.931,01:02:12,61236043,58.399,"combat/Epic Combat ｜ D&D⧸TTRPG Battle⧸Combat⧸Fight Music ｜ 1 Hour.mp3",yes
"DARK --- Tense Path ｜ D&D⧸TTRPG Music ｜ 1 Hour.mp3",3731.487,01:02:11,60609389,57.802,"contacts/expedition/expeditions/cold/DARK --- Tense Path ｜ D&D⧸TTRPG Music ｜ 1 Hour.mp3",yes
"you're inside the cosmic horror world of lovecraft (a playlist).mp3",3777.463,01:02:57,60442445,57.642,"contacts/other-world/dreamlands/you're inside the cosmic horror world of lovecraft (a playlist).mp3",yes
"Azathoth - Lovecraftian Dark Ambient Music - Original Composition inspired by H.P. Lovecraft.m4a",3711.780,01:01:52,60031717,57.251,"ancient/azathoth/Azathoth - Lovecraftian Dark Ambient Music - Original Composition inspired by H.P. Lovecraft.m4a",yes
"Rhan-Tegoth Part 1  [ Dark Ambient Lovecraft series].mp3",3694.080,01:01:34,59993907,57.215,"mythos/Rhan-Tegoth Part 1  [ Dark Ambient Lovecraft series].mp3",yes
"MEDITATIONS FOR SHAI-HULUD ｜ 1 Hour DUNE Soundscape for Focus.mp3",3715.840,01:01:56,59915482,57.140,"ancient/shudde-mell/MEDITATIONS FOR SHAI-HULUD ｜ 1 Hour DUNE Soundscape for Focus.mp3",yes
"Aberration Fight ｜ D&D⧸TTRPG Battle⧸Combat⧸Fight Music ｜ 1 Hour.mp3",3685.277,01:01:25,59776926,57.008,"combat/Aberration Fight ｜ D&D⧸TTRPG Battle⧸Combat⧸Fight Music ｜ 1 Hour.mp3",yes
"RPG BATTLE MUSIC SPIDER ｜ Musica de Batalha Aranhas ｜ No Copyrigh FANTASY MUSIC.mp3",3656.150,01:00:56,59757541,56.989,"ancient/atlach-nacha/RPG BATTLE MUSIC SPIDER ｜ Musica de Batalha Aranhas ｜ No Copyrigh FANTASY MUSIC.mp3",yes
"1 Hour of H.P. Lovecraft Music： The House on Sentinel Hill for Gaming, Arkham Horror, CoC, D&D.mp3",3644.787,01:00:45,59577474,56.818,"mythos/1 Hour of H.P. Lovecraft Music： The House on Sentinel Hill for Gaming, Arkham Horror, CoC, D&D.mp3",yes
"DEMONS _ 1 HOUR of Epic Dark Evil Sinister Dramatic Horror Music [SN5awaBMkuY].mp3",3886.733,01:04:47,59569538,56.810,"combat-epic/DEMONS _ 1 HOUR of Epic Dark Evil Sinister Dramatic Horror Music [SN5awaBMkuY].mp3",yes
"14 GATES.mp3",2480.980,00:41:21,59543647,56.785,"special/disaster/location/otherworldly-rifts/14 GATES.mp3",yes
"SYDNEY - Relaxing Meditative AMBIENT MUSIC： Post-Apocalyptic Cyberpunk Music at Sydney Opera House.mp3",3600.405,01:00:00,59499292,56.743,"contacts/big-city/sydney/SYDNEY - Relaxing Meditative AMBIENT MUSIC： Post-Apocalyptic Cyberpunk Music at Sydney Opera House.mp3",yes
"Cairo -- EGYPTIAN PARADISE 🌈 Relaxing Egyptian music l stress and anxiety relief.mp3",3600.118,01:00:00,59380929,56.630,"contacts/egypt/cairo/Cairo -- EGYPTIAN PARADISE 🌈 Relaxing Egyptian music l stress and anxiety relief.mp3",yes
"1 BASE --- One Hour at Station Blue • Antarctic Horror Ambience.mp3",3695.883,01:01:36,59374984,56.624,"contacts/antarctica/miskatonic-outpost/1 BASE --- One Hour at Station Blue • Antarctic Horror Ambience.mp3",yes
"Flute of Azathoth - Eldritch Music of the Old Ones ｜ Dark Ambient Music.mp3",3695.282,01:01:35,59352830,56.603,"ancient/syzygy/Flute of Azathoth - Eldritch Music of the Old Ones ｜ Dark Ambient Music.mp3",yes
"Yog-Sothoth ( Part 1 of 2 ).mp3",3669.525,01:01:10,59293094,56.546,"ancient/yog-sothoth/Yog-Sothoth ( Part 1 of 2 ).mp3",yes
"1 Hour of H.P. Lovecraft Music： Orchestral Ambient Creepy Horror Music for Role-Playing and Gaming.mp3",3627.128,01:00:27,59283206,56.537,"mythos/1 Hour of H.P. Lovecraft Music： Orchestral Ambient Creepy Horror Music for Role-Playing and Gaming.mp3",yes
"1920s Music Playing in Another Room ｜ Oldies and Ocean View Ambience.mp3",3628.278,01:00:28,59282347,56.536,"action-muted/1920s Music Playing in Another Room ｜ Oldies and Ocean View Ambience.mp3",yes
"Skyrim - Ambience - Apocrypha [Black Book, Dragon, Plane of Oblivion].mp3",3602.730,01:00:03,59276677,56.531,"contacts/other-world/celaeno/Skyrim - Ambience - Apocrypha [Black Book, Dragon, Plane of Oblivion].mp3",yes
"COLD --- Artic Expedition： Unraveling the Frozen Enigma - 1 Hour of Winter Polar Ambience Music 4K ASMR (mp3cut.net).mp3",3630.132,01:00:30,59233021,56.489,"contacts/expedition/expeditions/cold/COLD --- Artic Expedition： Unraveling the Frozen Enigma - 1 Hour of Winter Polar Ambience Music 4K ASMR (mp3cut.net).mp3",yes
"Cairo -- Nation Arab Music Ensemble ＂Classical Music of Egypt＂.mp3",3694.811,01:01:35,59215662,56.472,"contacts/egypt/cairo/Cairo -- Nation Arab Music Ensemble ＂Classical Music of Egypt＂.mp3",yes
"Eldritch Horror & Elder Sign： 1 Hour of H.P. Lovecraft Creepy Music for Board Games and Role Playing.mp3",3644.500,01:00:45,59172452,56.431,"mythos/Eldritch Horror & Elder Sign： 1 Hour of H.P. Lovecraft Creepy Music for Board Games and Role Playing.mp3",yes
"HOT --- Plane of Wildlife ｜ Dangerous and Mysterious ASMR Ambience ｜ 1 Hour #DnD #RPG.mp3",3600.091,01:00:00,59132953,56.394,"contacts/expedition/expeditions/hot/HOT --- Plane of Wildlife ｜ Dangerous and Mysterious ASMR Ambience ｜ 1 Hour #DnD #RPG.mp3",yes
"Nightmares from the Mist - Dark Ambient Music - Immersive Lovecraftian Horror Atmosphere.mp3",3659.233,01:00:59,59062880,56.327,"mythos/Nightmares from the Mist - Dark Ambient Music - Immersive Lovecraftian Horror Atmosphere.mp3",yes
"1 Hour of HP Lovecraft Music Orchestral Ambient Creepy Horror Music for Role-Playing and Gaming.mp3",3609.360,01:00:09,59061779,56.326,"mythos/1 Hour of HP Lovecraft Music Orchestral Ambient Creepy Horror Music for Role-Playing and Gaming.mp3",yes
"7 KADATH --- Dream-Quest to Unknown Kadath (Lovecraftian Dark Ambient Hour).mp3",3624.359,01:00:24,59052519,56.317,"contacts/dreamlands/unknown-kadath/7 KADATH --- Dream-Quest to Unknown Kadath (Lovecraftian Dark Ambient Hour).mp3",yes
"Dream-Quest to Unknown Kadath (Lovecraftian Dark Ambient Hour).mp3",3624.359,01:00:24,59052519,56.317,"contacts/other-world/kadath/Dream-Quest to Unknown Kadath (Lovecraftian Dark Ambient Hour).mp3",yes
"1920s Hotel II ASMR Ambience {8d vintage music}.mp3",3662.315,01:01:02,58807667,56.083,"action-muted/1920s Hotel II ASMR Ambience {8d vintage music}.mp3",yes
"Wasteland ｜ Windy Post-apocalyptic Ambience for Reading, Studying, Relaxing..mp3",3605.081,01:00:05,58749203,56.028,"contacts/devastation/Wasteland ｜ Windy Post-apocalyptic Ambience for Reading, Studying, Relaxing..mp3",yes
"8 The people of Arkham are prowling the streets hunting a witch.mp3",3601.104,01:00:01,58744277,56.023,"contacts/other-world/past/8/8 The people of Arkham are prowling the streets hunting a witch.mp3",yes
"Prison ｜ Immersive Medieval Ambience ｜ 1 Hour #dnd.mp3",3601.084,01:00:01,58714801,55.995,"contacts/obstruction/detained/Prison ｜ Immersive Medieval Ambience ｜ 1 Hour #dnd.mp3",yes
"Dark Ambient Occult Meditation Music - MONASTERY - A Dark Atmospheric Journey.mp3",3600.771,01:00:01,58710661,55.991,"ancient/shub-niggurath/Dark Ambient Occult Meditation Music - MONASTERY - A Dark Atmospheric Journey.mp3",yes
"1 HOUR HYPNOS MEDITATION - Atmospheric Sci Fi Dark Ambient Music Video Mix -.mp3",3600.091,01:00:00,58688619,55.970,"ancient/hypnos/1 HOUR HYPNOS MEDITATION - Atmospheric Sci Fi Dark Ambient Music Video Mix -.mp3",yes
"Broken Pyramid -- TEMPLE OF ANUBIS ｜ Ancient Chant in Egyptian Tomb ｜ ASMR.mp3",3600.091,01:00:00,58683910,55.965,"contacts/egypt/bent-pyramid/Broken Pyramid -- TEMPLE OF ANUBIS ｜ Ancient Chant in Egyptian Tomb ｜ ASMR.mp3",yes
"COLD --- E X P E D I T I O N ｜ 1905 Kanchenjunga Expedition (Ambience + Ambient Mysticwave).mp3",3600.065,01:00:00,58681357,55.963,"contacts/expedition/expeditions/cold/COLD --- E X P E D I T I O N ｜ 1905 Kanchenjunga Expedition (Ambience + Ambient Mysticwave).mp3",yes
"E X P E D I T I O N ｜ 1905 Kanchenjunga Expedition (Ambience + Ambient Mysticwave).mp3",3600.065,01:00:00,58681357,55.963,"contacts/expedition/ruins/E X P E D I T I O N ｜ 1905 Kanchenjunga Expedition (Ambience + Ambient Mysticwave).mp3",yes
"3 SNOWY MOUNTAINS --- Dark Ambient Hour Meditations - Circumference (4 Hz Theta Binaural Ambience).mp3",3600.118,01:00:00,58650123,55.933,"contacts/antarctica/snowy-mountains/3 SNOWY MOUNTAINS --- Dark Ambient Hour Meditations - Circumference (4 Hz Theta Binaural Ambience).mp3",yes
"DARK AMBIENT MUSIC ｜ ONI - 鬼 ｜ Japanese Demons.mp3",3600.118,01:00:00,58586940,55.873,"contacts/big-city/tokyo/DARK AMBIENT MUSIC ｜ ONI - 鬼 ｜ Japanese Demons.mp3",yes
"Ruined Castle ｜ Haunted Or Not ？ Ambience ｜ 1 Hour #dnd.mp3",3601.084,01:00:01,58526530,55.815,"contacts/devastation/Ruined Castle ｜ Haunted Or Not ？ Ambience ｜ 1 Hour #dnd.mp3",yes
"Pharaoh Meditation - Inspiring Egyptian Meditation Music - Mysterious Middle Eastern Ambient Music.mp3",3600.039,01:00:00,58520252,55.809,"ancient/nephren-ka/Pharaoh Meditation - Inspiring Egyptian Meditation Music - Mysterious Middle Eastern Ambient Music.mp3",yes
"Losing Sanity ｜ Cthulhu Ambience ｜ 1 Hour.mp3",3600.091,01:00:00,58507056,55.797,"special/death-sanity/Losing Sanity ｜ Cthulhu Ambience ｜ 1 Hour.mp3",yes
"Haunted Ghost Ship Ambience ｜ 1Hour of creepy ambience.mp3",3603.670,01:00:04,58478763,55.770,"contacts/general/sea/space-8/Haunted Ghost Ship Ambience ｜ 1Hour of creepy ambience.mp3",yes
"Shub-Niggurath 2⧸2.mp3",3616.366,01:00:16,58449299,55.742,"ancient/shub-niggurath/Shub-Niggurath 2⧸2.mp3",yes
"HOT --- Enchanted Lands, Volume 3 ｜ Ambient Fantasy Music ｜ 1 Hour.mp3",3600.091,01:00:00,58443848,55.736,"contacts/expedition/expeditions/hot/HOT --- Enchanted Lands, Volume 3 ｜ Ambient Fantasy Music ｜ 1 Hour.mp3",yes
"Nile -- Nile Valley in Ancient Egypt ｜ Relaxing Music & Nature Sounds (Remastered Version).mp3",3600.248,01:00:00,58435384,55.728,"contacts/egypt/nile-river/Nile -- Nile Valley in Ancient Egypt ｜ Relaxing Music & Nature Sounds (Remastered Version).mp3",yes
"The Awakening of the Great Old Ones - Dark Ambient Music - Immersive Lovecraftian Horror Atmosphere.mp3",3622.452,01:00:22,58342763,55.640,"ancient/rise-of-the-elder-things/The Awakening of the Great Old Ones - Dark Ambient Music - Immersive Lovecraftian Horror Atmosphere.mp3",yes
"1 Hour of Dark and Mysterious Ambient Music for writing and creativity ｜ Dnd ⧸ RPG Ambience.mp3",3606.465,01:00:06,58319216,55.618,"contacts/expedition/ruins/1 Hour of Dark and Mysterious Ambient Music for writing and creativity ｜ Dnd ⧸ RPG Ambience.mp3",yes
"C T H U L H U ｜ Ruins (Ambience + Dark Ambient Music).mp3",3600.065,01:00:00,58311354,55.610,"contacts/devastation/C T H U L H U ｜ Ruins (Ambience + Dark Ambient Music).mp3",yes
"Getting Ready for a Party in 1921 (Ambience).mp3",3600.091,01:00:00,58267178,55.568,"action-muted/Getting Ready for a Party in 1921 (Ambience).mp3",yes
"Dark Chantings Temple Occult Music - TEMPLE.mp3",3600.144,01:00:00,58171164,55.476,"ancient/abhoth/Dark Chantings Temple Occult Music - TEMPLE.mp3",yes
"RPG ｜ D&D Ambience - Giant Sand Worm (sand, earthquake, roaring).mp3",3600.300,01:00:00,58165679,55.471,"ancient/shudde-mell/RPG ｜ D&D Ambience - Giant Sand Worm (sand, earthquake, roaring).mp3",yes
"Ruined Town ｜ Medieval ASMR Ambience ｜ 1 Hour.mp3",3600.091,01:00:00,58137160,55.444,"contacts/devastation/Ruined Town ｜ Medieval ASMR Ambience ｜ 1 Hour.mp3",yes
"7 You are shocked to see a younger version of yourself.mp3",3600.065,01:00:00,57954933,55.270,"contacts/other-world/past/7/7 You are shocked to see a younger version of yourself.mp3",yes
"Nile -- Ancient Egypt Ambience - NILE RIVER AMBIENT, Egypt Music & Soundtrack, River sounds, Best relaxatio__KoEu4AZhWY.mp3",3599.883,01:00:00,57902186,55.220,"contacts/egypt/nile-river/Nile -- Ancient Egypt Ambience - NILE RIVER AMBIENT, Egypt Music & Soundtrack, River sounds, Best relaxatio__KoEu4AZhWY.mp3",yes
"Sailboat at Night Ambience. Calm Ocean Sounds. Relax, Meditate, Sleep. Subscribe for More! 🌃😴.mp3",3600.666,01:00:01,57852979,55.173,"contacts/general/sea/space-18/Sailboat at Night Ambience. Calm Ocean Sounds. Relax, Meditate, Sleep. Subscribe for More! 🌃😴.mp3",yes
19.mp3,3600.091,01:00:00,57817305,55.139,contacts/general/wilderness/space-19/19.mp3,yes
"Dark and Mysterious Ambient Music ｜ 1 Hour Playlist ｜ D&D Ambience.mp3",3611.089,01:00:11,57781754,55.105,"contacts/expedition/ruins/Dark and Mysterious Ambient Music ｜ 1 Hour Playlist ｜ D&D Ambience.mp3",yes
"A dream for the Ancient.mp3",3606.100,01:00:06,57703409,55.030,"ancient/hypnos/A dream for the Ancient.mp3",yes
"Dance of the Demons ｜ 1 Hour of Japanese War Drums (鬼の踊り).mp3",3591.105,00:59:51,57651069,54.980,"contacts/big-city/tokyo/Dance of the Demons ｜ 1 Hour of Japanese War Drums (鬼の踊り).mp3",yes
"Dark Space Ambient for Sleep.mp3",3600.091,01:00:00,57607016,54.938,"ancient/syzygy/Dark Space Ambient for Sleep.mp3",yes
"DARK AMBIENT MUSIC ｜ Wendigo - Nature's Darkest Hunger.mp3",3600.091,01:00:00,57604862,54.936,"ancient/ithaqua/DARK AMBIENT MUSIC ｜ Wendigo - Nature's Darkest Hunger.mp3",yes
"Spider's Den ｜ Ambience ｜ 1 Hour Extended.mp3",3600.091,01:00:00,57604004,54.935,"ancient/atlach-nacha/Spider's Den ｜ Ambience ｜ 1 Hour Extended.mp3",yes
"You're a stray soul in this abandoned town ｜ Dark Background Ambience.mp3",3600.118,01:00:00,57603867,54.935,"contacts/devastation/You're a stray soul in this abandoned town ｜ Dark Background Ambience.mp3",yes
"Dark_Ambient_Music_At_the_Mountains_of_Madness_inspired_by_H_P_Lovecraft (online-audio-converter.com).mp3",3600.065,01:00:00,57602026,54.934,"ancient/rise-of-the-elder-things/Dark_Ambient_Music_At_the_Mountains_of_Madness_inspired_by_H_P_Lovecraft (online-audio-converter.com).mp3",yes
"4 FROZEN WASTE --- BLIZZARD IN ANTARCTICA_ Howling wind and blowing snow for Relaxing_ Studying_ Sleep_ Winter Ambience [ ezmp3.cc ].mp3",3600.013,01:00:00,57601181,54.933,"contacts/antarctica/frozen-waste/4 FROZEN WASTE --- BLIZZARD IN ANTARCTICA_ Howling wind and blowing snow for Relaxing_ Studying_ Sleep_ Winter Ambience [ ezmp3.cc ].mp3",yes
"1 BASE --- Arctic Camp - Wind - Fire - Distant Wolves - 10 Hours [ ezmp3.cc ].mp3",3600.013,01:00:00,57601181,54.933,"contacts/antarctica/miskatonic-outpost/1 BASE --- Arctic Camp - Wind - Fire - Distant Wolves - 10 Hours [ ezmp3.cc ].mp3",yes
"6 PLATEAU OF LENG --- 10 Hours At the Mountains of Madness ⛰️ Dark Lovecraftian Sounds for Sleep [ ezmp3.cc ].mp3",3600.013,01:00:00,57601181,54.933,"contacts/antarctica/plateau-of-leng/6 PLATEAU OF LENG --- 10 Hours At the Mountains of Madness ⛰️ Dark Lovecraftian Sounds for Sleep [ ezmp3.cc ].mp3",yes
"3 SNOWY MOUNTAINS --- Calmsound Antarctic Wind - 10 Hour Katabatic Wind Sounds for Sleep and Relaxation [ ezmp3.cc ].mp3",3600.013,01:00:00,57601181,54.933,"contacts/antarctica/snowy-mountains/3 SNOWY MOUNTAINS --- Calmsound Antarctic Wind - 10 Hour Katabatic Wind Sounds for Sleep and Relaxation [ ezmp3.cc ].mp3",yes
"3 UNDERWORLD --- 🎧 Dark cave ambience sound sounds on high quality white noise ASMR black screen dark screen [ ezmp3.cc ].mp3",3600.013,01:00:00,57601181,54.933,"contacts/dreamlands/underworld/3 UNDERWORLD --- 🎧 Dark cave ambience sound sounds on high quality white noise ASMR black screen dark screen [ ezmp3.cc ].mp3",yes
"Sahara -- Howling Desert Wind in Monument Valley _ Ambience, Sounds, Windy _ Wilderness White Noise _ 12 Hr 4K [ ezmp3.cc ].mp3",3600.013,01:00:00,57601181,54.933,"contacts/egypt/sahara-desert/Sahara -- Howling Desert Wind in Monument Valley _ Ambience, Sounds, Windy _ Wilderness White Noise _ 12 Hr 4K [ ezmp3.cc ].mp3",yes
"4 FROZEN WASTE --- Windy Winter Storm in Antarctica _ Howling Blizzard Ambience Wind Snow Snowstorm White Noise _ 12 Hr [ ezmp3.cc ].mp3",3599.020,00:59:59,57585299,54.918,"contacts/antarctica/frozen-waste/4 FROZEN WASTE --- Windy Winter Storm in Antarctica _ Howling Blizzard Ambience Wind Snow Snowstorm White Noise _ 12 Hr [ ezmp3.cc ].mp3",yes
"Nuclear Winter Ambience & Sounds _ Howling Windy Snow Storm Post Apocalypse White Noise _ 12 Hr 4K [ ezmp3.cc ].mp3",3599.020,00:59:59,57585299,54.918,"contacts/devastation/Nuclear Winter Ambience & Sounds _ Howling Windy Snow Storm Post Apocalypse White Noise _ 12 Hr 4K [ ezmp3.cc ].mp3",yes
"Post Apocalypse Ambience & Sounds _ Nuclear Winter White Noise Apocalyptic Abandoned City _ 12 Hr 4K [ ezmp3.cc ].mp3",3599.020,00:59:59,57585299,54.918,"contacts/devastation/Post Apocalypse Ambience & Sounds _ Nuclear Winter White Noise Apocalyptic Abandoned City _ 12 Hr 4K [ ezmp3.cc ].mp3",yes
"DARK AMBIENT MUSIC _ Dagon by H.P. Lovecraft.mp3",3580.108,00:59:40,57282831,54.629,"ancient/dagon/DARK AMBIENT MUSIC _ Dagon by H.P. Lovecraft.mp3",yes
"Degung Sundanese Music of West Java [2nrgTossoB0].mp3",3577.208,00:59:37,57180919,54.532,"contacts/general/city/space-20/Degung Sundanese Music of West Java [2nrgTossoB0].mp3",yes
"Chinese Ancient Music   Vol 1, Picture of Primitive Hunting classical, traditional & folk.mp3",3533.427,00:58:53,56672642,54.047,"contacts/big-city/shanghai/Chinese Ancient Music   Vol 1, Picture of Primitive Hunting classical, traditional & folk.mp3",yes
"Dark Ambient from Night City.mp3",3510.152,00:58:30,56168500,53.566,"contacts/big-city/san-francisco/Dark Ambient from Night City.mp3",yes
"1 Hour of HP Lovecraft Music： At the Mountains of Madness (Original Soundtrack).mp3",3501.166,00:58:21,56023484,53.428,"ancient/rise-of-the-elder-things/1 Hour of HP Lovecraft Music： At the Mountains of Madness (Original Soundtrack).mp3",yes
"The Dunwich Horror Complete Soundtrack 1 Hour of  HP Lovecraft Horror Music.mp3",3497.274,00:58:17,55959511,53.367,"ancient/yog-sothoth/The Dunwich Horror Complete Soundtrack 1 Hour of  HP Lovecraft Horror Music.mp3",yes
"Shub-Niggurath 1⧸2.mp3",3444.898,00:57:25,55705815,53.125,"ancient/shub-niggurath/Shub-Niggurath 1⧸2.mp3",yes
"16 7 ТУНГУСКА 1.mp3",3460.180,00:57:40,55365809,52.801,"contacts/general/wilderness/tunguska/16 7 ТУНГУСКА 1.mp3",yes
"Yog-Sothoth ( Part 2 of 2 ).mp3",3417.469,00:56:57,55260206,52.700,"ancient/yog-sothoth/Yog-Sothoth ( Part 2 of 2 ).mp3",yes
"Seamonster battle Music.mp3",3360.157,00:56:00,55070445,52.519,"combat/Seamonster battle Music.mp3",yes
"Lovecraft OST - The Shadow Out of Time (Cosmic Horror Music).mp3",3423.399,00:57:03,54853961,52.313,"contacts/other-world/great-race/Lovecraft OST - The Shadow Out of Time (Cosmic Horror Music).mp3",yes
"Various – Vintage Music From India [Full Compilation] [QD8RbhySzts].mp3",4554.998,01:15:55,54820159,52.281,"contacts/general/city/space-17/Various – Vintage Music From India [Full Compilation] [QD8RbhySzts].mp3",yes
"Yuggoth： 5.mp3",2673.162,00:44:33,54586379,52.058,"contacts/other-world/yuggoth/Yuggoth： 5.mp3",yes
"1 Hour Of Innsmouth Ambient (Lovecraftian Ambient) #lovecraftianambient #hplovecraft #innsmouth.mp3",3351.641,00:55:52,54209924,51.699,"special/characters/silas-marsh/1 Hour Of Innsmouth Ambient (Lovecraftian Ambient) #lovecraftianambient #hplovecraft #innsmouth.mp3",yes
"Nyarlathotep  - Dark Music Part 3 ⧸ 3.mp3",3346.364,00:55:46,54135315,51.627,"ancient/nyarlathotep/Nyarlathotep  - Dark Music Part 3 ⧸ 3.mp3",yes
"Alaska, 1925 [vRq0BZg_Zms].mp3",3600.091,01:00:00,53514139,51.035,"contacts/general/city/space-1/Alaska, 1925 [vRq0BZg_Zms].mp3",yes
"Nyarlathotep ｜ horror ambient music 🎧.mp3",3254.831,00:54:15,52897926,50.447,"ancient/nyarlathotep/Nyarlathotep ｜ horror ambient music 🎧.mp3",yes
"Tense Fight _ D&D_TTRPG Battle_Combat_Fight Music _ 1 Hour _ Copyright free [378jfMSW8V4].mp3",3841.959,01:04:02,52807280,50.361,"combat/Tense Fight _ D&D_TTRPG Battle_Combat_Fight Music _ 1 Hour _ Copyright free [378jfMSW8V4].mp3",yes
"Azathoth 1⧸ 2.mp3",3265.123,00:54:25,52657568,50.218,"ancient/azathoth/Azathoth 1⧸ 2.mp3",yes
"Dagon - 2 - 2 hours of Dark Lovecraft Ambience.mp3",3276.147,00:54:36,52419329,49.991,"ancient/dagon/Dagon - 2 - 2 hours of Dark Lovecraft Ambience.mp3",yes
"Dark Ambient Dreams.mp3",3156.696,00:52:37,51138659,48.770,"ancient/hypnos/Dark Ambient Dreams.mp3",yes
"Dagon - 1 - 2 hours of Dark Lovecraft Ambience.mp3",3180.016,00:53:00,50881239,48.524,"ancient/dagon/Dagon - 1 - 2 hours of Dark Lovecraft Ambience.mp3",yes
"Psyclopean - The Dreamlands (full album) Lovecraft dark ambient, dungeon synth, atmospheric mythos.mp3",3155.879,00:52:36,50502604,48.163,"contacts/other-world/dreamlands/Psyclopean - The Dreamlands (full album) Lovecraft dark ambient, dungeon synth, atmospheric mythos.mp3",yes
"Rachmaninov - Trio élégiaque no. 2, op. 9 (Audio+Sheet) [Kogan⧸Luzanov⧸Svetlanov].mp3",3149.453,00:52:29,50393779,48.059,"special/characters/william-yorick/Rachmaninov - Trio élégiaque no. 2, op. 9 (Audio+Sheet) [Kogan⧸Luzanov⧸Svetlanov].mp3",yes
"Mozart - «The Great Mass» in C minor, KV427 ｜ La Chambre Philharmonique.mp3",2944.862,00:49:05,49315255,47.031,"special/characters/zoey-samaras/Mozart - «The Great Mass» in C minor, KV427 ｜ La Chambre Philharmonique.mp3",yes
"HP Lovecraft Dark and Mysterious Orchestral Music： Cultistorm.mp3",3032.085,00:50:32,48516563,46.269,"mythos/HP Lovecraft Dark and Mysterious Orchestral Music： Cultistorm.mp3",yes
"African Voodoo Drum Music.mp3",2946.194,00:49:06,47448989,45.251,"special/characters/akachi-onyele/African Voodoo Drum Music.mp3",yes
"Beethoven Sonata quasi una fantasia, No.14 in C# Minor, Moonlight (Lortie, Jando).mp3",1896.411,00:31:36,45514011,43.406,"special/characters/dexter-drake/Beethoven Sonata quasi una fantasia, No.14 in C# Minor, Moonlight (Lortie, Jando).mp3",yes
"Down Darker Trails： Orchestral Horror Music for Ain't Slayed Nobody Podcast.mp3",2770.338,00:46:10,44328746,42.275,"mythos/Down Darker Trails： Orchestral Horror Music for Ain't Slayed Nobody Podcast.mp3",yes
"8 A future version of you lies in a rancid hotel room.mp3",2586.645,00:43:07,42068087,40.119,"contacts/other-world/future/8/8 A future version of you lies in a rancid hotel room.mp3",yes
"The King in Yellow.mp3",2442.841,00:40:43,40069624,38.213,"ancient/hastur/The King in Yellow.mp3",yes
"DARK --- The Lost Expedition Into The Hollow Earth (AI Art Project w⧸ dark ambient soundscape).mp3",2034.625,00:33:55,33421931,31.874,"contacts/expedition/expeditions/cold/DARK --- The Lost Expedition Into The Hollow Earth (AI Art Project w⧸ dark ambient soundscape).mp3",yes
"[Kocsis-Ránki] Mozart Sonata for Two Pianos in D, K448.mp3",1372.552,00:22:53,32941381,31.415,"special/characters/harvey-walters/[Kocsis-Ránki] Mozart Sonata for Two Pianos in D, K448.mp3",yes
"6 enormous primitive buildings made of green stone.mp3",1984.549,00:33:05,31759715,30.288,"contacts/other-world/past/6/6 enormous primitive buildings made of green stone.mp3",yes
"4 MOON --- [Outer Wilds Ambiance] The Quantum Moon.mp3",1946.723,00:32:27,31331950,29.880,"contacts/dreamlands/moon/4 MOON --- [Outer Wilds Ambiance] The Quantum Moon.mp3",yes
"Seong-Jin Cho - Mozart Piano Concerto No. 20 in D minor, K.466 (2011).mp3",1869.035,00:31:09,31310460,29.860,"special/characters/vincent-lee/Seong-Jin Cho - Mozart Piano Concerto No. 20 in D minor, K.466 (2011).mp3",yes
cae6e3595ab843d4bdb24d18710c6c3817773717588604438.m4a,1800.000,00:30:00,29546549,28.178,contacts/general/wilderness/space-4/cae6e3595ab843d4bdb24d18710c6c3817773717588604438.m4a,yes
"Broken Pyramid -- Relaxing Egyptian Ambient Music - 30 min.mp3",1816.790,00:30:17,29327125,27.969,"contacts/egypt/bent-pyramid/Broken Pyramid -- Relaxing Egyptian Ambient Music - 30 min.mp3",yes
"10 1 ПИРАМИДЫ.mp3",1816.790,00:30:17,29327125,27.969,"contacts/general/wilderness/pyramids/10 1 ПИРАМИДЫ.mp3",yes
"TO KILL A GOD ｜ Epic Battle Dark Heroic Music ｜ Epic Music Mix by @audiomachine.mp3",1802.945,00:30:03,28854292,27.518,"special/awakening/TO KILL A GOD ｜ Epic Battle Dark Heroic Music ｜ Epic Music Mix by @audiomachine.mp3",yes
"COLD -- White Noise Sounds of Frozen Arctic Ocean with Polar Icebreaker Idling - Creating Delta Waves [ ezmp3.cc ].mp3",1800.020,00:30:00,28801286,27.467,"contacts/general/sea/antarctica/COLD -- White Noise Sounds of Frozen Arctic Ocean with Polar Icebreaker Idling - Creating Delta Waves [ ezmp3.cc ].mp3",yes
"10 Hours _ Sailing Ship Ambience • A Soothing Voyage Across the Sea [ ezmp3.cc ].mp3",1800.020,00:30:00,28801286,27.467,"contacts/general/sea/space-3/10 Hours _ Sailing Ship Ambience • A Soothing Voyage Across the Sea [ ezmp3.cc ].mp3",yes
"7.5 АМАЗОНКА.mp3",1800.020,00:30:00,28801286,27.467,"contacts/general/wilderness/amazon/7.5 АМАЗОНКА.mp3",yes
"10 5 СЕРДЦЕ АФРИКИ 1.mp3",1800.020,00:30:00,28801286,27.467,"contacts/general/wilderness/heart-of-africa/10 5 СЕРДЦЕ АФРИКИ 1.mp3",yes
"10 5 СЕРДЦЕ АФРИКИ 2.mp3",1800.020,00:30:00,28801286,27.467,"contacts/general/wilderness/heart-of-africa/10 5 СЕРДЦЕ АФРИКИ 2.mp3",yes
"17 5 ГИМАЛАИ 1.mp3",1800.020,00:30:00,28801286,27.467,"contacts/general/wilderness/himalayas/17 5 ГИМАЛАИ 1.mp3",yes
"17 5 ГИМАЛАИ 2.mp3",1800.020,00:30:00,28801286,27.467,"contacts/general/wilderness/himalayas/17 5 ГИМАЛАИ 2.mp3",yes
"21 1.mp3",1800.020,00:30:00,28801286,27.467,"contacts/general/wilderness/space-21/21 1.mp3",yes
"21 2.mp3",1800.020,00:30:00,28801286,27.467,"contacts/general/wilderness/space-21/21 2.mp3",yes
"9 1.mp3",1800.020,00:30:00,28801286,27.467,"contacts/general/wilderness/space-9/9 1.mp3",yes
"9 2.mp3",1800.020,00:30:00,28801286,27.467,"contacts/general/wilderness/space-9/9 2.mp3",yes
"16 7 ТУНГУСКА 2.mp3",1800.020,00:30:00,28801286,27.467,"contacts/general/wilderness/tunguska/16 7 ТУНГУСКА 2.mp3",yes
"Hollow Knight Ambience 10h - Abyss [ ezmp3.cc ].mp3",1800.020,00:30:00,28801286,27.467,"contacts/other-world/abyss/Hollow Knight Ambience 10h - Abyss [ ezmp3.cc ].mp3",yes
"Nine Hours in the Abyss (Dark Ambient Free) [ ezmp3.cc ].mp3",1800.020,00:30:00,28801286,27.467,"contacts/other-world/abyss/Nine Hours in the Abyss (Dark Ambient Free) [ ezmp3.cc ].mp3",yes
"The Abyss Experience (9+ Hour Dark Ambient) [ ezmp3.cc ].mp3",1800.020,00:30:00,28801286,27.467,"contacts/other-world/abyss/The Abyss Experience (9+ Hour Dark Ambient) [ ezmp3.cc ].mp3",yes
"10 Hours At the Mountains of Madness ⛰️ Dark Lovecraftian Sounds for Sleep [ ezmp3.cc ].mp3",1800.020,00:30:00,28801286,27.467,"contacts/other-world/leng/10 Hours At the Mountains of Madness ⛰️ Dark Lovecraftian Sounds for Sleep [ ezmp3.cc ].mp3",yes
"7 KADATH --- The Dream-Quest of Unknown Kadath ¦ Dark Orchestral Music HP Lovecraft.mp3",1619.383,00:26:59,25912188,24.712,"contacts/dreamlands/unknown-kadath/7 KADATH --- The Dream-Quest of Unknown Kadath ¦ Dark Orchestral Music HP Lovecraft.mp3",yes
"The Dream-Quest of Unknown Kadath ¦ Dark Orchestral Music HP Lovecraft.mp3",1619.383,00:26:59,25912188,24.712,"contacts/other-world/kadath/The Dream-Quest of Unknown Kadath ¦ Dark Orchestral Music HP Lovecraft.mp3",yes
"1920s Salon Music The Softer Sound Of The Era  @Pax41.mp3",1506.456,00:25:06,24765872,23.619,"action/1920s Salon Music The Softer Sound Of The Era  @Pax41.mp3",yes
"Hit Songs From the Roaring 1920s  @Pax41.mp3",1523.540,00:25:24,24382305,23.253,"action/Hit Songs From the Roaring 1920s  @Pax41.mp3",yes
"1920s music compilation Nr.4 (1920s Jazz and Charleston).mp3",1470.067,00:24:30,23524159,22.434,"action/1920s music compilation Nr.4 (1920s Jazz and Charleston).mp3",yes
"CURSED - Epic Horror Music Mix ｜ Dark Intense Hybrid Horror Music.mp3",1398.047,00:23:18,22373016,21.337,"combat-epic/CURSED - Epic Horror Music Mix ｜ Dark Intense Hybrid Horror Music.mp3",yes
"The Hound ¦ HP Lovecraft Orchestral Horror Music.mp3",1350.060,00:22:30,21934894,20.919,"mythos/The Hound ¦ HP Lovecraft Orchestral Horror Music.mp3",yes
"Симфоническая поэма, соч. 54 ＂Поэма экстаза＂.mp3",1209.156,00:20:09,20649498,19.693,"special/characters/calvin-wright/Симфоническая поэма, соч. 54 ＂Поэма экстаза＂.mp3",yes
"Yig  - Father of Serpents ｜ Lovecraftian Ambience⧸Drone.mp3",1251.048,00:20:51,20471791,19.523,"ancient/yig/Yig  - Father of Serpents ｜ Lovecraftian Ambience⧸Drone.mp3",yes
"2 According to the papers the year is 1771.mp3",1265.189,00:21:05,20252967,19.315,"contacts/other-world/past/2/2 According to the papers the year is 1771.mp3",yes
"5 You appear on the continent of Mu.mp3",1167.360,00:19:27,19654294,18.744,"contacts/other-world/past/5/5 You appear on the continent of Mu.mp3",yes
"4 3.mp3",982.805,00:16:23,18061103,17.224,"contacts/general/wilderness/space-4/4 3.mp3",yes
"Forest Ambush ｜ Combat Music ｜ D&D Fantasy Background Music ｜ RPG Playlist (1).mp3",1061.172,00:17:41,18006862,17.173,"combat-epic/Forest Ambush ｜ Combat Music ｜ D&D Fantasy Background Music ｜ RPG Playlist (1).mp3",yes
"Forest Ambush ｜ Combat Music ｜ D&D Fantasy Background Music ｜ RPG Playlist.mp3",1061.172,00:17:41,18006862,17.173,"combat/Forest Ambush ｜ Combat Music ｜ D&D Fantasy Background Music ｜ RPG Playlist.mp3",yes
"11 WATER.mp3",1110.622,00:18:31,17771662,16.948,"special/disaster/weather/waterspouts/11 WATER.mp3",yes
"I MISS YOU - Heart Moving Piano Music Mix ｜ Emotional Touching Piano Music.mp3",1020.891,00:17:01,16340096,15.583,"contacts/defeated/sanity/I MISS YOU - Heart Moving Piano Music Mix ｜ Emotional Touching Piano Music.mp3",yes
"Rhapsody In Blue： Gershwin.mp3",986.593,00:16:27,15947152,15.208,"special/characters/skids-otoole/Rhapsody In Blue： Gershwin.mp3",yes
"Psyclopean - Lost Carcosa - 5.mp3",915.017,00:15:15,15575959,14.854,"contacts/other-world/carcosa/Psyclopean - Lost Carcosa - 5.mp3",yes
"Creepy Music 2 Yog Sothoth.mp3",913.345,00:15:13,15196653,14.493,"ancient/yog-sothoth/Creepy Music 2 Yog Sothoth.mp3",yes
"Rachmaninov： Trio élégiaque in G Minor, № 1..mp3",896.967,00:14:57,15046388,14.349,"special/characters/trish-scarborough/Rachmaninov： Trio élégiaque in G Minor, № 1..mp3",yes
"4 The police have surrounded what looks like a church.mp3",900.206,00:15:00,14973227,14.280,"contacts/other-world/past/4/4 The police have surrounded what looks like a church.mp3",yes
"Psyclopean - Lost Carcosa - 2.mp3",870.008,00:14:30,14855815,14.168,"contacts/other-world/carcosa/Psyclopean - Lost Carcosa - 2.mp3",yes
"1 You stand in Times Square, New York.mp3",900.023,00:15:00,14401338,13.734,"contacts/other-world/future/1/1 You stand in Times Square, New York.mp3",yes
"3 Large beetle-like creatures.mp3",900.023,00:15:00,14401338,13.734,"contacts/other-world/future/3/3 Large beetle-like creatures.mp3",yes
"🎧 Dark cave ambience sound sounds on high quality white noise ASMR black screen dark screen [ ezmp3.cc ].mp3",900.023,00:15:00,14401338,13.734,"contacts/other-world/underworld/🎧 Dark cave ambience sound sounds on high quality white noise ASMR black screen dark screen [ ezmp3.cc ].mp3",yes
"H. P. Lovecraft Jazz [1920's Ambience] Cthulhu Mythos and the Old Ones.mp3",896.340,00:14:56,14342927,13.678,"action-muted/H. P. Lovecraft Jazz [1920's Ambience] Cthulhu Mythos and the Old Ones.mp3",yes
"Psyclopean - Lost Carcosa - 3.mp3",810.005,00:13:30,13895763,13.252,"contacts/other-world/carcosa/Psyclopean - Lost Carcosa - 3.mp3",yes
"6 PLATEAU OF LENG --- Psyclopean - The Men Of Leng (dark ambientatmosphericLovecraftmythosexperimentaldrone)2018.mp3",545.149,00:09:05,13083722,12.478,"contacts/antarctica/plateau-of-leng/6 PLATEAU OF LENG --- Psyclopean - The Men Of Leng (dark ambientatmosphericLovecraftmythosexperimentaldrone)2018.mp3",yes
"Yuggoth： 4.mp3",595.017,00:09:55,13023473,12.420,"contacts/other-world/yuggoth/Yuggoth： 4.mp3",yes
"Pastorale in F Major, BWV 590.mp3",779.938,00:13:00,12995389,12.393,"special/characters/sister-mary/Pastorale in F Major, BWV 590.mp3",yes
"Herbert West： Reanimator Original Soundtrack (HP Lovecraft).mp3",701.127,00:11:41,11405949,10.878,"mythos/Herbert West： Reanimator Original Soundtrack (HP Lovecraft).mp3",yes
"Richard Wagner - ＂Tristan und Isolde＂, Prelude.mp3",658.651,00:10:59,11089008,10.575,"special/characters/lola-hayes/Richard Wagner - ＂Tristan und Isolde＂, Prelude.mp3",yes
"Prelude & Fugue in E-Flat Major, BWV 552： I. Prelude.mp3",652.539,00:10:53,10980081,10.471,"special/characters/sister-mary/Prelude & Fugue in E-Flat Major, BWV 552： I. Prelude.mp3",yes
"The Dreamlands.mp3",664.477,00:11:04,10924468,10.418,"contacts/other-world/dreamlands/The Dreamlands.mp3",yes
"Psyclopean - Lost Carcosa - 1.mp3",600.059,00:10:00,10536625,10.049,"contacts/other-world/carcosa/Psyclopean - Lost Carcosa - 1.mp3",yes
"Dreams in the Witch House ¦ HP Lovecraft Horror Music.mp3",595.592,00:09:56,10425342,9.942,"mythos/Dreams in the Witch House ¦ HP Lovecraft Horror Music.mp3",yes
"Psyclopean - Lost Carcosa - 6.mp3",592.771,00:09:53,10420014,9.937,"contacts/other-world/carcosa/Psyclopean - Lost Carcosa - 6.mp3",yes
"Claude Debussy, Prélude à l'Après-midi d'un faune.mp3",650.088,00:10:50,10402220,9.920,"special/characters/agatha-crane/Claude Debussy, Prélude à l'Après-midi d'un faune.mp3",yes
"Camille Saint-Saëns - Danse Macabre.mp3",429.845,00:07:10,10341052,9.862,"special/characters/diana-stanley/Camille Saint-Saëns - Danse Macabre.mp3",yes
"Dune Sketchbook Soundtrack ｜ Shai-hulud - Hans Zimmer ｜ WaterTower.mp3",587.834,00:09:48,9925962,9.466,"ancient/shudde-mell/Dune Sketchbook Soundtrack ｜ Shai-hulud - Hans Zimmer ｜ WaterTower.mp3",yes
"Psyclopean - Lost Carcosa - 4.mp3",535.014,00:08:55,9495907,9.056,"contacts/other-world/carcosa/Psyclopean - Lost Carcosa - 4.mp3",yes
"Mozart_Violin_Concerto_No_5_in_A_Major,_K_219_I_Allegro_aperto_Anne.mp3",582.720,00:09:43,9323564,8.892,"special/victory/Mozart_Violin_Concerto_No_5_in_A_Major,_K_219_I_Allegro_aperto_Anne.mp3",yes
"Whiplash Soundtrack 06 - Caravan - Eloquence Music (128k).mp3",560.118,00:09:20,8962017,8.547,"special/victory/Whiplash Soundtrack 06 - Caravan - Eloquence Music (128k).mp3",yes
"MW2 soundtrack ＂Enemy of my enemy is my friend＂.mp3",532.323,00:08:52,8768734,8.363,"special/death-health/MW2 soundtrack ＂Enemy of my enemy is my friend＂.mp3",yes
"The End For A New Beginning ｜ by Emil Nilsson (Epic Music World).mp3",537.130,00:08:57,8602186,8.204,"special/death-health/The End For A New Beginning ｜ by Emil Nilsson (Epic Music World).mp3",yes
"Chinese Guqin  ： Flowing water Guqin 流水 古琴曲.mp3",480.052,00:08:00,8591656,8.194,"contacts/big-city/shanghai/Chinese Guqin  ： Flowing water Guqin 流水 古琴曲.mp3",yes
"Beethoven - Coriolan Overture (Karajan & Berliner Philharmoniker).mp3",514.247,00:08:34,8334494,7.948,"special/death-health/Beethoven - Coriolan Overture (Karajan & Berliner Philharmoniker).mp3",yes
"Yuggoth： 3.mp3",355.004,00:05:55,8223212,7.842,"contacts/other-world/yuggoth/Yuggoth： 3.mp3",yes
"Levon Minassian ⧸ They Have Taken The One I Love⧸Lyrics.mp3",427.677,00:07:08,7741619,7.383,"contacts/defeated/sanity/Levon Minassian ⧸ They Have Taken The One I Love⧸Lyrics.mp3",yes
"Nikriz Sirto (Tanburi Cemil Bey).mp3",448.549,00:07:29,7695260,7.339,"contacts/big-city/istanbul/Nikriz Sirto (Tanburi Cemil Bey).mp3",yes
"Yog Sothoth.mp3",441.992,00:07:22,7661647,7.307,"ancient/yog-sothoth/Yog Sothoth.mp3",yes
"The Necronomicon HP Lovecraft Orchestral Horror Music.mp3",398.446,00:06:38,7658541,7.304,"mythos/The Necronomicon HP Lovecraft Orchestral Horror Music.mp3",yes
"Bach Brandenburg Concerto No  4 in G major, BWV 1049 mvt1 Allegro D°,Karl Richter.mp3",443.141,00:07:23,7544979,7.195,"special/characters/sister-mary/Bach Brandenburg Concerto No  4 in G major, BWV 1049 mvt1 Allegro D°,Karl Richter.mp3",yes
"Turkish Ottoman Music Oud Taksim + Şarki in Makam Uşşak.mp3",355.709,00:05:56,7533592,7.185,"contacts/big-city/istanbul/Turkish Ottoman Music Oud Taksim + Şarki in Makam Uşşak.mp3",yes
"The Prestige Score - The Price Of A Good Trick.mp3",307.331,00:05:07,7376071,7.034,"special/characters/dexter-drake/The Prestige Score - The Price Of A Good Trick.mp3",yes
"Dark Piano - Dementia.mp3",443.507,00:07:24,7339193,6.999,"special/death-sanity/Dark Piano - Dementia.mp3",yes
"Devil's Reef： H.P. Lovecraft Orchestral Horror Music.mp3",456.699,00:07:37,7309001,6.970,"mythos/Devil's Reef： H.P. Lovecraft Orchestral Horror Music.mp3",yes
"The Rats in the Walls ¦ HP Lovecraft Horror Music.mp3",362.580,00:06:03,7272879,6.936,"mythos/The Rats in the Walls ¦ HP Lovecraft Horror Music.mp3",yes
"Ennio Morricone - L'Ultima Diligenza di Red Rock (Versione Integrale).mp3",452.016,00:07:32,7234507,6.899,"special/characters/tony-morgan/Ennio Morricone - L'Ultima Diligenza di Red Rock (Versione Integrale).mp3",yes
"Epic⧸Intense D&D Battle Music - D&D Boss Fight - Towering Death.mp3",407.693,00:06:48,7187366,6.854,"special/awakening/Epic⧸Intense D&D Battle Music - D&D Boss Fight - Towering Death.mp3",yes
"Vintage Japanese Music - Sangai-bushi⧸Sado Okesa by Katsutaro Kouta 1938.mp3",433.136,00:07:13,7158827,6.827,"contacts/big-city/tokyo/Vintage Japanese Music - Sangai-bushi⧸Sado Okesa by Katsutaro Kouta 1938.mp3",yes
"Plateau of Leng.mp3",426.214,00:07:06,7147989,6.817,"contacts/other-world/leng/Plateau of Leng.mp3",yes
"6 PLATEAU OF LENG --- Plateau of Leng.mp3",426.214,00:07:06,7147780,6.817,"contacts/antarctica/plateau-of-leng/6 PLATEAU OF LENG --- Plateau of Leng.mp3",yes
"𝐉𝐨𝐤𝐞𝐫'𝐬 𝐒𝐨𝐧𝐚𝐭𝐚 - Deep Dark Piano - Villain Music.mp3",439.928,00:07:20,7041325,6.715,"special/death-sanity/𝐉𝐨𝐤𝐞𝐫'𝐬 𝐒𝐨𝐧𝐚𝐭𝐚 - Deep Dark Piano - Villain Music.mp3",yes
"The Shadow Out of Time ¦ HP Lovecraft Orchestral Horror Music.mp3",397.272,00:06:37,7014163,6.689,"contacts/other-world/great-race/The Shadow Out of Time ¦ HP Lovecraft Orchestral Horror Music.mp3",yes
Yog-Sothoth.mp3,372.898,00:06:13,6974790,6.652,ancient/yog-sothoth/Yog-Sothoth.mp3,yes
"Turkish Ottoman Music Klasik Kemençe Taksim + Semai in Makam Neva.mp3",370.704,00:06:11,6966197,6.643,"contacts/big-city/istanbul/Turkish Ottoman Music Klasik Kemençe Taksim + Semai in Makam Neva.mp3",yes
"Yuggoth： 2.mp3",290.011,00:04:50,6923359,6.603,"contacts/other-world/yuggoth/Yuggoth： 2.mp3",yes
Nyarlathotep.mp3,367.125,00:06:07,6882424,6.564,ancient/nyarlathotep/Nyarlathotep.mp3,yes
"Sad Epic Emotional Music - Farewell Life.mp3",398.002,00:06:38,6876254,6.558,"contacts/defeated/sanity/Sad Epic Emotional Music - Farewell Life.mp3",yes
"6 PLATEAU OF LENG --- 01. Item Caligo - Plateau of Leng.mp3",380.134,00:06:20,6850151,6.533,"contacts/antarctica/plateau-of-leng/6 PLATEAU OF LENG --- 01. Item Caligo - Plateau of Leng.mp3",yes
"01. Item Caligo - Plateau of Leng.mp3",380.134,00:06:20,6850151,6.533,"contacts/other-world/leng/01. Item Caligo - Plateau of Leng.mp3",yes
"Nocturne in B Flat Minor, Op. 9 No. 1： ＂A Madame Camille Pleyel＂.mp3",382.276,00:06:22,6709610,6.399,"special/characters/jacqueline-fine/Nocturne in B Flat Minor, Op. 9 No. 1： ＂A Madame Camille Pleyel＂.mp3",yes
"Air on the G String (Suite No. 3, BWV 1068) J. S. Bach, original instruments.mp3",319.321,00:05:19,6694925,6.385,"special/characters/mandy-thompson/Air on the G String (Suite No. 3, BWV 1068) J. S. Bach, original instruments.mp3",yes
"De Vermis Mysteriis： Cthulhu Mythos Orchestral Horror Music.mp3",332.016,00:05:32,6353432,6.059,"mythos/De Vermis Mysteriis： Cthulhu Mythos Orchestral Horror Music.mp3",yes
"Yuggoth： 1.mp3",260.023,00:04:20,6323588,6.031,"contacts/other-world/yuggoth/Yuggoth： 1.mp3",yes
"12 METEROR SHOWER (SERIO).mp3",258.482,00:04:18,6242301,5.953,"special/disaster/location/meteor-showers/12 METEROR SHOWER (SERIO).mp3",yes
"Ancient Aztec and Mayan traditional music by Ricardo Tlalli Lozano. Song_ Tikal.mp3",378.175,00:06:18,6176013,5.890,"contacts/general/city/space-7/Ancient Aztec and Mayan traditional music by Ricardo Tlalli Lozano. Song_ Tikal.mp3",yes
"Unaussprechlichen Kulten： Cthulhu Mythos Orchestral Horror Music.mp3",319.478,00:05:19,6173407,5.887,"mythos/Unaussprechlichen Kulten： Cthulhu Mythos Orchestral Horror Music.mp3",yes
"Johann Strauss II - Frühlingsstimmen op. 410.mp3",347.873,00:05:48,6168531,5.883,"special/victory/Johann Strauss II - Frühlingsstimmen op. 410.mp3",yes
"Chinese Empire⧸Qing Dynasty (1636-1912) Anthem ＂Cup of Solid Gold＂ Medley (1911)-[AudioTrimmer.com].mp3",382.537,00:06:23,6123911,5.840,"special/characters/lily-chen/Chinese Empire⧸Qing Dynasty (1636-1912) Anthem ＂Cup of Solid Gold＂ Medley (1911)-[AudioTrimmer.com].mp3",yes
"Dimitri Kantemiroğlu - Hüseynî Peşrev (Alla Turca Kollektif).mp3",349.074,00:05:49,6033909,5.754,"contacts/big-city/istanbul/Dimitri Kantemiroğlu - Hüseynî Peşrev (Alla Turca Kollektif).mp3",yes
YTDown_YouTube_Memory-of-music-folk-instrument-videos-p_Media_tyAi1pRRjDY_005_128k-[AudioTrimmer.com].mp3,198.844,00:03:19,5898312,5.625,contacts/general/city/space-14/YTDown_YouTube_Memory-of-music-folk-instrument-videos-p_Media_tyAi1pRRjDY_005_128k-[AudioTrimmer.com].mp3,yes
"Händel Messiah - Hallelujah Chorus.mp3",241.189,00:04:01,5808796,5.540,"special/characters/father-mateo/Händel Messiah - Hallelujah Chorus.mp3",yes
"WHEN ALL HOPE IS LOST - ＂The Nuclear War＂ by Sigurd Jøhnk-Jensen.mp3",334.785,00:05:35,5758148,5.491,"special/defeat/WHEN ALL HOPE IS LOST - ＂The Nuclear War＂ by Sigurd Jøhnk-Jensen.mp3",yes
"Sad Dramatic Emotional Epic Music - My Spirit Is Free [Royalty Free].mp3",311.014,00:05:11,5672334,5.410,"special/death-sanity/Sad Dramatic Emotional Epic Music - My Spirit Is Free [Royalty Free].mp3",yes
"Music for a Brutal Betrayal - To The Gallows.mp3",346.331,00:05:46,5654861,5.393,"special/death-health/Music for a Brutal Betrayal - To The Gallows.mp3",yes
"The Elder Scrolls V Dragonborn OST   Apocrypha 02.mp3",288.679,00:04:49,5641438,5.380,"contacts/other-world/celaeno/The Elder Scrolls V Dragonborn OST   Apocrypha 02.mp3",yes
"＂Rolling Walnuts＂ (traditional Chinese)-[AudioTrimmer.com].mp3",350.328,00:05:50,5608477,5.349,"special/characters/lily-chen/＂Rolling Walnuts＂ (traditional Chinese)-[AudioTrimmer.com].mp3",yes
"Ithaqua the Wind-Walker.mp3",316.029,00:05:16,5568356,5.310,"ancient/ithaqua/Ithaqua the Wind-Walker.mp3",yes
"Dark & Moody Spanish Guitar Music.mp3",328.673,00:05:29,5494901,5.240,"contacts/big-city/buenos-aires/Dark & Moody Spanish Guitar Music.mp3",yes
"Again and Again by Benny Carter.mp3",328.934,00:05:29,5376655,5.128,"special/characters/roland-banks/Again and Again by Benny Carter.mp3",yes
"The Colour Out of Space HP Lovecraft Orchestra Horror Music.mp3",261.460,00:04:21,5324471,5.078,"mythos/The Colour Out of Space HP Lovecraft Orchestra Horror Music.mp3",yes
"Dark Piano - Silence.mp3",273.554,00:04:34,5269303,5.025,"special/death-sanity/Dark Piano - Silence.mp3",yes
"Dark Music - The Master Of Death ｜ Immortality.mp3",289.097,00:04:49,5228335,4.986,"special/death-health/Dark Music - The Master Of Death ｜ Immortality.mp3",yes
One_Flew_Over_The_Cuckoo's_Nest_Closing_from_One_Flew_Over_The_Cuckoo's.mp3,217.051,00:03:37,5210625,4.969,special/characters/jack-waters/One_Flew_Over_The_Cuckoo's_Nest_Closing_from_One_Flew_Over_The_Cuckoo's.mp3,yes
"The Haunter of the Dark ¦ HP Lovecraft Horror Music.mp3",278.047,00:04:38,5177088,4.937,"mythos/The Haunter of the Dark ¦ HP Lovecraft Horror Music.mp3",yes
"17th Century Ottoman Classical Music  ｜ Nikriz Peşrev.mp3",272.091,00:04:32,5131145,4.893,"contacts/big-city/istanbul/17th Century Ottoman Classical Music  ｜ Nikriz Peşrev.mp3",yes
"Musique Ottomane Osmanli musik Ottoman Turkish Music from 17th century (XVII ème siècle).mp3",304.353,00:05:04,5100393,4.864,"contacts/big-city/istanbul/Musique Ottomane Osmanli musik Ottoman Turkish Music from 17th century (XVII ème siècle).mp3",yes
"5 wading through the endless river of time.mp3",294.165,00:04:54,5066047,4.831,"contacts/other-world/future/5/5 wading through the endless river of time.mp3",yes
"＂TELL ME HOW HE DIED＂ by Dan Thiessen • Epic Music World ｜ World's Most Emotional Music.m4a",312.100,00:05:12,5056455,4.822,"contacts/defeated/health/＂TELL ME HOW HE DIED＂ by Dan Thiessen • Epic Music World ｜ World's Most Emotional Music.m4a",yes
"Traditional Ottoman - Warrior's March.mp3",284.395,00:04:44,5053289,4.819,"contacts/big-city/istanbul/Traditional Ottoman - Warrior's March.mp3",yes
"Nocturne in E Minor, Op. 72 No. 1, Op. Posthume.mp3",277.525,00:04:38,5033543,4.800,"special/characters/jacqueline-fine/Nocturne in E Minor, Op. 72 No. 1, Op. Posthume.mp3",yes
"＂TELL ME HOW HE DIED＂ by Dan Thiessen • Epic Music World ｜ World's Most Emotional Music.mp3",312.111,00:05:12,5002938,4.771,"special/death-health/＂TELL ME HOW HE DIED＂ by Dan Thiessen • Epic Music World ｜ World's Most Emotional Music.mp3",yes
"Ralpi - The Last Battle (Sad Emotional).mp3",240.118,00:04:00,4933738,4.705,"special/death-health/Ralpi - The Last Battle (Sad Emotional).mp3",yes
"Ottoman-Turkish Music, Derya Türkan - Nikriz Peşrev.mp3",270.211,00:04:30,4927578,4.699,"contacts/big-city/istanbul/Ottoman-Turkish Music, Derya Türkan - Nikriz Peşrev.mp3",yes
"Antonio Vivaldi ~ Winter (December) I ~ Allegro non molto.mp3",204.774,00:03:25,4914710,4.687,"special/characters/george-barnaby/Antonio Vivaldi ~ Winter (December) I ~ Allegro non molto.mp3",yes
"Cavatina (Theme from ＂The Deer Hunter＂).mp3",257.567,00:04:18,4887164,4.661,"special/death-sanity/Cavatina (Theme from ＂The Deer Hunter＂).mp3",yes
"The Elder Scrolls V Dragonborn OST - Apocrypha 01.mp3",239.073,00:03:59,4846765,4.622,"contacts/other-world/celaeno/The Elder Scrolls V Dragonborn OST - Apocrypha 01.mp3",yes
"8 TOKYO.mp3",206.890,00:03:27,4845509,4.621,"special/disaster/city/tokyo/8 TOKYO.mp3",yes
"Dark & Mysterious Spanish Guitar Music： MISTERIO - Al Marconi.mp3",245.603,00:04:06,4765890,4.545,"contacts/big-city/buenos-aires/Dark & Mysterious Spanish Guitar Music： MISTERIO - Al Marconi.mp3",yes
"Bessie Smith-Aggravatin Papa.mp3",198.478,00:03:18,4763617,4.543,"special/characters/daniela-reyes/Bessie Smith-Aggravatin Papa.mp3",yes
"Beethoven： Symphony No. 5 ⧸ Karajan · Berliner Philharmoniker.mp3",180.323,00:03:00,4762206,4.542,"special/characters/sefina-rousseau/Beethoven： Symphony No. 5 ⧸ Karajan · Berliner Philharmoniker.mp3",yes
"Andrea Vanzo - Amélie - Comptine d’un autre été, l’après-midi (Reimagined) - (Official Video).mp3",195.709,00:03:16,4761295,4.541,"special/characters/daisy-walker/Andrea Vanzo - Amélie - Comptine d’un autre été, l’après-midi (Reimagined) - (Official Video).mp3",yes
"If You Need The Most Epic Dark Boss Theme, Check This • ＂CTHULHU AWAKENS＂ by Apollon de Moura.mp3",266.527,00:04:27,4754823,4.535,"special/awakening/If You Need The Most Epic Dark Boss Theme, Check This • ＂CTHULHU AWAKENS＂ by Apollon de Moura.mp3",yes
"Last Goodbye (Sad Piano) - Michael Ortega.mp3",244.898,00:04:05,4689278,4.472,"contacts/defeated/sanity/Last Goodbye (Sad Piano) - Michael Ortega.mp3",yes
"Dark Piano Music - Insanity (Original Composition).mp3",269.009,00:04:29,4664941,4.449,"special/death-sanity/Dark Piano Music - Insanity (Original Composition).mp3",yes
"EPIC DARK BATTLE MUSIC ｜ by @RokNardin.mp3",250.749,00:04:11,4590268,4.378,"combat-epic/EPIC DARK BATTLE MUSIC ｜ by @RokNardin.mp3",yes
"7 You discover an era of technological marvels.mp3",223.425,00:03:43,4560619,4.349,"contacts/other-world/future/7/7 You discover an era of technological marvels.mp3",yes
"4 imprisoned in a compound with hundreds of plague victims.mp3",258.194,00:04:18,4543240,4.333,"contacts/other-world/future/4/4 imprisoned in a compound with hundreds of plague victims.mp3",yes
"The Music of Erich Zann ¦ HP Lovecraft Horror Music.mp3",222.093,00:03:42,4527831,4.318,"mythos/The Music of Erich Zann ¦ HP Lovecraft Horror Music.mp3",yes
"Sergei Rachmaninoff： Schubert⧸Liszt, Ständchen (Serenade).mp3",267.102,00:04:27,4463453,4.257,"special/characters/minh-thi-phan/Sergei Rachmaninoff： Schubert⧸Liszt, Ständchen (Serenade).mp3",yes
YTDown_YouTube_Memory-of-music-folk-instrument-videos-p_Media_a4x5LTUyDVI_005_128k-[AudioTrimmer.com].mp3,249.522,00:04:10,4448242,4.242,contacts/general/city/space-14/YTDown_YouTube_Memory-of-music-folk-instrument-videos-p_Media_a4x5LTUyDVI_005_128k-[AudioTrimmer.com].mp3,yes
"Penguin Cafe Orchestra - Perpetuum Mobile.mp3",276.312,00:04:36,4421804,4.217,"special/characters/amanda-sharpe/Penguin Cafe Orchestra - Perpetuum Mobile.mp3",yes
"6 filled with wizards and the worship of blasphemous gods.mp3",246.779,00:04:07,4392083,4.189,"contacts/other-world/future/6/6 filled with wizards and the worship of blasphemous gods.mp3",yes
"CHOPIN - Nocturne No. 20 in C Sharp Minor, Op. Posthume 1830 - François Chaplin.mp3",251.794,00:04:12,4368839,4.166,"special/characters/jacqueline-fine/CHOPIN - Nocturne No. 20 in C Sharp Minor, Op. Posthume 1830 - François Chaplin.mp3",yes
"Haendel - Sarabande.mp3",243.749,00:04:04,4357276,4.155,"special/death-health/Haendel - Sarabande.mp3",yes
"Memory of music - folk instrument videos (part 4) - kantelar (128k)-[AudioTrimmer.com].mp3",271.569,00:04:32,4346076,4.145,"contacts/general/city/space-14/Memory of music - folk instrument videos (part 4) - kantelar (128k)-[AudioTrimmer.com].mp3",yes
"Lightnin' Hopkins - Woke Up This Morning.mp3",270.816,00:04:31,4334087,4.133,"special/characters/wilson-richards/Lightnin' Hopkins - Woke Up This Morning.mp3",yes
"＂THERE WILL BE GENERATIONS BECAUSE OF YOU＂ by Dan Thiessen • World's Most Emotional Music.mp3",268.069,00:04:28,4297037,4.098,"special/death-sanity/＂THERE WILL BE GENERATIONS BECAUSE OF YOU＂ by Dan Thiessen • World's Most Emotional Music.mp3",yes
"＂WHO WILL HELP ME CARRY HIM＂ by Dan Thiessen • World's Most Emotional Music.mp3",265.273,00:04:25,4251457,4.055,"special/death-health/＂WHO WILL HELP ME CARRY HIM＂ by Dan Thiessen • World's Most Emotional Music.mp3",yes
"Метель： No. 2, Вальс.mp3",236.487,00:03:56,4251401,4.054,"special/characters/wendy-adams/Метель： No. 2, Вальс.mp3",yes
"Epic Dark Battle Music • ＂Where Is Your God Now＂ by @RokNardin.mp3",186.828,00:03:07,4210112,4.015,"special/awakening/Epic Dark Battle Music • ＂Where Is Your God Now＂ by @RokNardin.mp3",yes
"Georgi Sviridov - Time, forward.mp3",214.073,00:03:34,4205969,4.011,"special/characters/rita-young/Georgi Sviridov - Time, forward.mp3",yes
"Liebesträume, S. 541： No. 3 in A-Flat Major ＂O lieb so lang' Du lieben kannst＂.mp3",259.997,00:04:20,4161873,3.969,"special/characters/kate-winthrop/Liebesträume, S. 541： No. 3 in A-Flat Major ＂O lieb so lang' Du lieben kannst＂.mp3",yes
"Yibo Labo (These Are the Guys).mp3",279.354,00:04:39,4138903,3.947,"contacts/general/city/space-15/Yibo Labo (These Are the Guys).mp3",yes
"Gladiator • Now We Are Free.mp3",258.429,00:04:18,4135843,3.944,"special/victory/Gladiator • Now We Are Free.mp3",yes
"13 LEAD INVESTIGATOR.mp3",177.136,00:02:57,4081161,3.892,"special/disaster/location/destructive-cyclone/13 LEAD INVESTIGATOR.mp3",yes
"Memento (Main Theme) - David Julyan.mp3",169.378,00:02:49,4065208,3.877,"special/characters/darrell-simmons/Memento (Main Theme) - David Julyan.mp3",yes
"Memory of music - folk instrument videos (part 3) - kantelar (128k)-[AudioTrimmer.com].mp3",252.264,00:04:12,4037205,3.850,"contacts/general/city/space-14/Memory of music - folk instrument videos (part 3) - kantelar (128k)-[AudioTrimmer.com].mp3",yes
"Relaxing Arabian Music - A Red Sun Sets.mp3",213.682,00:03:34,4023753,3.837,"contacts/defeated/health/Relaxing Arabian Music - A Red Sun Sets.mp3",yes
"Relaxing Arabian Music - A Red Sun Sets.mp3",213.682,00:03:34,4023753,3.837,"special/death-health/Relaxing Arabian Music - A Red Sun Sets.mp3",yes
"Benny Carter - Nightfall.mp3",194.064,00:03:14,3967831,3.784,"special/characters/michael-mcglen/Benny Carter - Nightfall.mp3",yes
"Memory of music - folk instrument videos (part 8) - kantelar (128k)-[AudioTrimmer.com].mp3",247.458,00:04:07,3960300,3.777,"contacts/general/city/space-14/Memory of music - folk instrument videos (part 8) - kantelar (128k)-[AudioTrimmer.com].mp3",yes
"Endless Storm ⧸ Epic Orchestral Battle Music (CC-BY).mp3",142.211,00:02:22,3952309,3.769,"special/awakening/Endless Storm ⧸ Epic Orchestral Battle Music (CC-BY).mp3",yes
"Everything Ends Here.mp3",225.019,00:03:45,3949708,3.767,"special/death-health/Everything Ends Here.mp3",yes
"Australia Ambient - Didgeridoo Improv 1 (Civilization 6 OST).mp3",151.693,00:02:32,3940870,3.758,"contacts/big-city/sydney/Australia Ambient - Didgeridoo Improv 1 (Civilization 6 OST).mp3",yes
"Eine_kleine_Nachtmusik,_K_525_IV_Rondo_Allegro_Mozart,_Wolfgang.mp3",244.898,00:04:05,3919340,3.738,"special/victory/Eine_kleine_Nachtmusik,_K_525_IV_Rondo_Allegro_Mozart,_Wolfgang.mp3",yes
"Ralpi - The Last Battle (Sad Emotional).m4a",240.118,00:04:00,3886701,3.707,"contacts/defeated/health/Ralpi - The Last Battle (Sad Emotional).m4a",yes
"Memory of music - folk instrument videos (part 2) - kantelar (128k)-[AudioTrimmer.com].mp3",242.521,00:04:03,3881306,3.702,"contacts/general/city/space-14/Memory of music - folk instrument videos (part 2) - kantelar (128k)-[AudioTrimmer.com].mp3",yes
"Honey Pie (Remastered 2009).mp3",161.202,00:02:41,3870230,3.691,"special/honey-pie/Honey Pie (Remastered 2009).mp3",yes
"Prince's Band - The Star Spangled Banner (1916).mp3",209.607,00:03:30,3853335,3.675,"special/characters/charlie-kane/Prince's Band - The Star Spangled Banner (1916).mp3",yes
"Billie Holiday   Strange Fruit 1939.mp3",201.587,00:03:22,3847734,3.669,"special/characters/marie-lambeau/Billie Holiday   Strange Fruit 1939.mp3",yes
"John Williams - Marion's Theme (Official Audio) ｜ Indiana Jones - Raiders of the Lost Ark.mp3",239.830,00:04:00,3845754,3.668,"special/characters/ursula-downs/John Williams - Marion's Theme (Official Audio) ｜ Indiana Jones - Raiders of the Lost Ark.mp3",yes
"Lightnin' hopkins - Bring me my shotgun.mp3",238.158,00:03:58,3813248,3.637,"special/characters/wilson-richards/Lightnin' hopkins - Bring me my shotgun.mp3",yes
"3 Through the shifting sands of the desert.mp3",200.620,00:03:21,3785592,3.610,"contacts/other-world/past/3/3 Through the shifting sands of the desert.mp3",yes
"Boswell Sisters, The - If I Had A Million Dollars(1935).mp3",168.072,00:02:48,3751750,3.578,"special/characters/preston-fairmont/Boswell Sisters, The - If I Had A Million Dollars(1935).mp3",yes
"Atonement - Briony ♪.mp3",155.298,00:02:35,3727288,3.555,"special/characters/gloria-goldberg/Atonement - Briony ♪.mp3",yes
"Most Emotional Music： ＂A Final Sacrifice＂ — Luke Richards.mp3",161.097,00:02:41,3720291,3.548,"special/death-sacrifice/Most Emotional Music： ＂A Final Sacrifice＂ — Luke Richards.mp3",yes
YTDown_YouTube_Memory-of-music-folk-instrument-videos-p_Media_pFx-gJQvu6c_005_128k-[AudioTrimmer.com].mp3,212.349,00:03:32,3676500,3.506,contacts/general/city/space-14/YTDown_YouTube_Memory-of-music-folk-instrument-videos-p_Media_pFx-gJQvu6c_005_128k-[AudioTrimmer.com].mp3,yes
"Epic Score - Enteral Shadow (Dark Intense Orchestral Music).mp3",182.178,00:03:02,3663833,3.494,"special/defeat/Epic Score - Enteral Shadow (Dark Intense Orchestral Music).mp3",yes
"Memory of music - folk instrument videos (part 7) - kantelar (128k)-[AudioTrimmer.com].mp3",228.780,00:03:49,3661460,3.492,"contacts/general/city/space-14/Memory of music - folk instrument videos (part 7) - kantelar (128k)-[AudioTrimmer.com].mp3",yes
"С.С.Прокофьев. ＂Монтекки и Капулетти＂. №1  из Второй орке.mp3",210.651,00:03:31,3627914,3.460,"special/characters/mark-harrigan/С.С.Прокофьев. ＂Монтекки и Капулетти＂. №1  из Второй орке.mp3",yes
"Debussy plays Debussy ｜ Clair de Lune (1913).mp3",230.087,00:03:50,3612250,3.445,"special/characters/luke-robinson/Debussy plays Debussy ｜ Clair de Lune (1913).mp3",yes
"5 CITY OF THE ELDER --- City of the Elder Things.mp3",167.758,00:02:48,3611434,3.444,"contacts/antarctica/city-of-elder-things/5 CITY OF THE ELDER --- City of the Elder Things.mp3",yes
"16th Century Ottoman Attack March ⧸ 16. yüzyıl Osmanlı Hücum Marşı.mp3",177.502,00:02:58,3605232,3.438,"contacts/big-city/istanbul/16th Century Ottoman Attack March ⧸ 16. yüzyıl Osmanlı Hücum Marşı.mp3",yes
"Once Upon a Time in America Soundtrack Speakeasy.mp3",147.096,00:02:27,3530429,3.367,"special/characters/finn-edwards/Once Upon a Time in America Soundtrack Speakeasy.mp3",yes
"Sonny Boy (Remastered).mp3",185.992,00:03:06,3502750,3.340,"special/characters/carson-sinclair/Sonny Boy (Remastered).mp3",yes
"The Ancient Book - Music by Navid Hejazi.mp3",194.795,00:03:15,3477392,3.316,"mythos/The Ancient Book - Music by Navid Hejazi.mp3",yes
"1 Through the slits in the closet door.mp3",186.567,00:03:07,3444293,3.285,"contacts/other-world/past/1/1 Through the slits in the closet door.mp3",yes
"1931 HITS ARCHIVE： Minnie The Moocher - Cab Calloway (original version).mp3",191.190,00:03:11,3434241,3.275,"special/characters/michael-mcglen/1931 HITS ARCHIVE： Minnie The Moocher - Cab Calloway (original version).mp3",yes
"Le_nozze_di_Figaro,_K_492,_Act_4_Scene_14_Gente,_gente,_all'armi.mp3",214.248,00:03:34,3428780,3.270,"special/victory/Le_nozze_di_Figaro,_K_492,_Act_4_Scene_14_Gente,_gente,_all'armi.mp3",yes
"Epic Battle Music： ＂Armageddon＂ — Alibi Music.m4a",211.581,00:03:32,3426114,3.267,"special/awakening/Epic Battle Music： ＂Armageddon＂ — Alibi Music.m4a",yes
"Vivaldi Gloria - Gloria in excelsis Deo.mp3",139.285,00:02:19,3417705,3.259,"special/characters/father-mateo/Vivaldi Gloria - Gloria in excelsis Deo.mp3",yes
"Epic Music ｜ Free To Use ｜ ＂No Way Out＂ AKA ＂Against Demons Epic Fight＂ (Prod. Sirius Beat).mp3",183.171,00:03:03,3409678,3.252,"special/defeat/Epic Music ｜ Free To Use ｜ ＂No Way Out＂ AKA ＂Against Demons Epic Fight＂ (Prod. Sirius Beat).mp3",yes
"4 LONDON.mp3",194.011,00:03:14,3402527,3.245,"special/disaster/city/london/4 LONDON.mp3",yes
"Sad Romantic Spanish Guitar Music： SHADES OF GREY by Al Marconi.mp3",173.349,00:02:53,3388238,3.231,"contacts/big-city/buenos-aires/Sad Romantic Spanish Guitar Music： SHADES OF GREY by Al Marconi.mp3",yes
"Johannes Brahms -- Hungarian Dance No.5 - Hungarian Symphony Orchestra Budapest [ ezmp3.cc ].mp3",210.024,00:03:30,3361364,3.206,"special/characters/norman-withers/Johannes Brahms -- Hungarian Dance No.5 - Hungarian Symphony Orchestra Budapest [ ezmp3.cc ].mp3",yes
"Sonny Boy - Al Jolson (1928).mp3",198.087,00:03:18,3357589,3.202,"special/characters/carson-sinclair/Sonny Boy - Al Jolson (1928).mp3",yes
"In The Hall Of The Mountain King.mp3",166.949,00:02:47,3349498,3.194,"special/characters/mark-harrigan/In The Hall Of The Mountain King.mp3",yes
"The Awakening ｜ Epic, Dark, Massive, Building Music.mp3",185.966,00:03:06,3341766,3.187,"special/awakening/The Awakening ｜ Epic, Dark, Massive, Building Music.mp3",yes
"Nocturne in C Minor, Op. Posthume.mp3",170.998,00:02:51,3329063,3.175,"special/characters/jacqueline-fine/Nocturne in C Minor, Op. Posthume.mp3",yes
"5 ROME.mp3",141.767,00:02:22,3319083,3.165,"special/disaster/city/rome/5 ROME.mp3",yes
"Memory of music - folk instrument videos (part 12) - kantelar (128k)-[AudioTrimmer.com].mp3",207.360,00:03:27,3318733,3.165,"contacts/general/city/space-14/Memory of music - folk instrument videos (part 12) - kantelar (128k)-[AudioTrimmer.com].mp3",yes
"Dead Space soundtrack - The Leviathan.mp3",195.631,00:03:16,3284216,3.132,"combat/Dead Space soundtrack - The Leviathan.mp3",yes
"Peter Gunn.mp3",126.354,00:02:06,3251768,3.101,"special/characters/joe-diamond/Peter Gunn.mp3",yes
"Honey Bunch- Paul Specht Orchestra-1926.mp3",187.847,00:03:08,3201002,3.053,"special/characters/jenny-barnes/Honey Bunch- Paul Specht Orchestra-1926.mp3",yes
"Peggy Lee ＂Why Don't You Do Right＂.mp3",199.288,00:03:19,3189884,3.042,"special/characters/tommy-muldoon/Peggy Lee ＂Why Don't You Do Right＂.mp3",yes
"25. 9m1B Indie's Feats (Raiders of the Lost Ark Complete Score).mp3",198.949,00:03:19,3186890,3.039,"special/characters/leo-anderson/25. 9m1B Indie's Feats (Raiders of the Lost Ark Complete Score).mp3",yes
YTDown_YouTube_Memory-of-music-folk-instrument-videos-p_Media_HjlPmKwpeuA_005_128k-[AudioTrimmer.com].mp3,188.735,00:03:09,3180950,3.034,contacts/general/city/space-14/YTDown_YouTube_Memory-of-music-folk-instrument-videos-p_Media_HjlPmKwpeuA_005_128k-[AudioTrimmer.com].mp3,yes
"Scary Dark and Evil Piano and Violin Music - Lucifers Waltz.mp3",178.965,00:02:59,3180322,3.033,"special/death-sanity/Scary Dark and Evil Piano and Violin Music - Lucifers Waltz.mp3",yes
"Most Sorrowful Music Of All Times： In The Next Life.mp3",174.498,00:02:54,3123635,2.979,"contacts/defeated/sanity/Most Sorrowful Music Of All Times： In The Next Life.mp3",yes
Good_Whiskey_Blues_128k.mp3,194.247,00:03:14,3108916,2.965,special/characters/zadoc-allen/Good_Whiskey_Blues_128k.mp3,yes
"Black Betty- Leadbelly.mp3",129.280,00:02:09,3102857,2.959,"special/characters/hank-samson/Black Betty- Leadbelly.mp3",yes
"Waiting for a Train.mp3",163.944,00:02:44,3077979,2.935,"special/characters/ashcan-pete/Waiting for a Train.mp3",yes
"2 ARKHAM.mp3",134.504,00:02:15,3042602,2.902,"special/disaster/city/arkham/2 ARKHAM.mp3",yes
"Lucienne Boyer - Parlez-Moi D'Amour [1930].mp3",182.073,00:03:02,3028273,2.888,"special/characters/carolyn-fern/Lucienne Boyer - Parlez-Moi D'Amour [1930].mp3",yes
"Mozart： Requiem In D Minor, K.626 - 3. Sequentia： I. Dies irae.mp3",119.876,00:02:00,3025526,2.885,"special/characters/zoey-samaras/Mozart： Requiem In D Minor, K.626 - 3. Sequentia： I. Dies irae.mp3",yes
"Most Epic Dark Choral Music： Death Mask.mp3",90.488,00:01:30,2945480,2.809,"special/awakening/Most Epic Dark Choral Music： Death Mask.mp3",yes
"Mozart Requiem Bernstein 05. Rex tremendae.mpg.mp3",164.780,00:02:45,2944523,2.808,"special/characters/rex-murphy/Mozart Requiem Bernstein 05. Rex tremendae.mpg.mp3",yes
Norma_De_Guadalajara_Pérez_Prado_Alternativa_Representa_128k.mp3,183.360,00:03:03,2934572,2.799,special/victory/Norma_De_Guadalajara_Pérez_Prado_Alternativa_Representa_128k.mp3,yes
"10 RAILS.mp3",138.397,00:02:18,2929800,2.794,"special/disaster/weather/frozen-rails/10 RAILS.mp3",yes
"C'est Si Bon (It's so Good) - Louis Armstrong (128k).mp3",182.544,00:03:03,2921670,2.786,"special/victory/C'est Si Bon (It's so Good) - Louis Armstrong (128k).mp3",yes
"N. Paganini Caprice no. 5 ｜ Sumina Studer.mp3",165.433,00:02:45,2889841,2.756,"special/characters/patrice-hathaway/N. Paganini Caprice no. 5 ｜ Sumina Studer.mp3",yes
"That's Life!.mp3",169.117,00:02:49,2837819,2.706,"special/defeat/That's Life!.mp3",yes
"Billie Holiday - Summertime (1936).mp3",177.084,00:02:57,2835342,2.704,"special/characters/marie-lambeau/Billie Holiday - Summertime (1936).mp3",yes
"Memory of music - folk instrument videos (part 6) - kantelar (128k)-[AudioTrimmer.com].mp3",176.980,00:02:57,2832647,2.701,"contacts/general/city/space-14/Memory of music - folk instrument videos (part 6) - kantelar (128k)-[AudioTrimmer.com].mp3",yes
"Carol of the Bells (Original) Lyrics.mp3",133.512,00:02:14,2824735,2.694,"special/death-sanity/Carol of the Bells (Original) Lyrics.mp3",yes
"DEAD MAN BLUES King Oliver and his Dixie Syncopators 1926.mp3",164.885,00:02:45,2819034,2.688,"special/characters/jim-culver/DEAD MAN BLUES King Oliver and his Dixie Syncopators 1926.mp3",yes
"The Beast (Digitally Remastered 95).mp3",152.973,00:02:33,2809102,2.679,"special/characters/tony-morgan/The Beast (Digitally Remastered 95).mp3",yes
"15 EXPEDITION.mp3",144.666,00:02:25,2804434,2.675,"special/disaster/location/upheaval/15 EXPEDITION.mp3",yes
"Antagonist - Epic Dark Hybrid Cinematic Music.mp3",151.458,00:02:31,2762749,2.635,"combat/Antagonist - Epic Dark Hybrid Cinematic Music.mp3",yes
"Memory of music - folk instrument videos (part 10) - kantelar (128k)-[AudioTrimmer.com].mp3",171.468,00:02:51,2744457,2.617,"contacts/general/city/space-14/Memory of music - folk instrument videos (part 10) - kantelar (128k)-[AudioTrimmer.com].mp3",yes
"Indiana Jones • Main Theme • John Williams.mp3",146.051,00:02:26,2738473,2.612,"special/characters/monterey-jack/Indiana Jones • Main Theme • John Williams.mp3",yes
"3 BUENOS.mp3",117.290,00:01:57,2706220,2.581,"special/disaster/city/buenos-aires/3 BUENOS.mp3",yes
"Mafia Soundtrack - Central Island.mp3",147.487,00:02:27,2701862,2.577,"special/characters/skids-otoole/Mafia Soundtrack - Central Island.mp3",yes
"Starita Piccadilly Revels Band, Gentlemen Prefer Blues. London 1927.mp3",153.260,00:02:33,2679114,2.555,"special/characters/bob-jenkins/Starita Piccadilly Revels Band, Gentlemen Prefer Blues. London 1927.mp3",yes
"Epic Slavic Music - Gods Awaken.mp3",136.046,00:02:16,2659467,2.536,"special/awakening/Epic Slavic Music - Gods Awaken.mp3",yes
"María Bonita - Pérez Prado - Topic (128k).mp3",163.527,00:02:44,2617396,2.496,"special/victory/María Bonita - Pérez Prado - Topic (128k).mp3",yes
"Atis Freivalds - Away ｜ SAD EMOTIONAL MUSIC.mp3",135.079,00:02:15,2614912,2.494,"special/death-sanity/Atis Freivalds - Away ｜ SAD EMOTIONAL MUSIC.mp3",yes
"Oogway Ascends.mp3",123.533,00:02:04,2597292,2.477,"special/characters/lily-chen/Oogway Ascends.mp3",yes
"Memory of music - folk instrument videos (part 11) - kantelar (128k)-[AudioTrimmer.com].mp3",155.011,00:02:35,2481143,2.366,"contacts/general/city/space-14/Memory of music - folk instrument videos (part 11) - kantelar (128k)-[AudioTrimmer.com].mp3",yes
YTDown_YouTube_Memory-of-music-folk-instrument-videos-p_Media_akf_Y7wAADg_005_128k-[AudioTrimmer.com].mp3,132.728,00:02:13,2445216,2.332,contacts/general/city/space-14/YTDown_YouTube_Memory-of-music-folk-instrument-videos-p_Media_akf_Y7wAADg_005_128k-[AudioTrimmer.com].mp3,yes
"6 ISTANBUL.mp3",136.594,00:02:17,2439731,2.327,"special/disaster/city/istanbul/6 ISTANBUL.mp3",yes
"Camille Saint-Saëns - Aquarium.mp3",150.816,00:02:31,2413869,2.302,"special/characters/agnes-baker/Camille Saint-Saëns - Aquarium.mp3",yes
"The Boys Season 3 Episode 8 (FINALE) Ending Soundtrack - ＂I Can Do Anything ⧸ Finale＂.mp3",92.928,00:01:33,2411326,2.300,"special/awakening/The Boys Season 3 Episode 8 (FINALE) Ending Soundtrack - ＂I Can Do Anything ⧸ Finale＂.mp3",yes
"Gal From Joe's (Hd Remastered Edition).mp3",149.064,00:02:29,2387032,2.276,"special/characters/joe-diamond/Gal From Joe's (Hd Remastered Edition).mp3",yes
"7 SHANGHAI.mp3",142.315,00:02:22,2370319,2.261,"special/disaster/city/shanghai/7 SHANGHAI.mp3",yes
"1 SAN FRAN.mp3",125.466,00:02:05,2335338,2.227,"special/disaster/city/san-francisco/1 SAN FRAN.mp3",yes
YTDown_YouTube_Memory-of-music-folk-instrument-videos-p_Media_ydL0uL392Ns_005_128k-[AudioTrimmer.com].mp3,123.533,00:02:04,2263174,2.158,contacts/general/city/space-14/YTDown_YouTube_Memory-of-music-folk-instrument-videos-p_Media_ydL0uL392Ns_005_128k-[AudioTrimmer.com].mp3,yes
Burnt_Biscuits_Album_Version_Booker_T_&_the_M_G_’s_Topic_128k.mp3,136.934,00:02:17,2191914,2.090,special/victory/Burnt_Biscuits_Album_Version_Booker_T_&_the_M_G_’s_Topic_128k.mp3,yes
"9 SYDNEY.mp3",134.870,00:02:15,2159224,2.059,"special/disaster/city/sydney/9 SYDNEY.mp3",yes
"Atis Freivalds - Away ｜ SAD EMOTIONAL MUSIC.m4a",135.071,00:02:15,2147429,2.048,"contacts/defeated/health/Atis Freivalds - Away ｜ SAD EMOTIONAL MUSIC.m4a",yes
"Mr. Lucky - Henry Mancini (128k).mp3",133.320,00:02:13,2133932,2.035,"special/victory/Mr. Lucky - Henry Mancini (128k).mp3",yes
"＊Pieces of Eden＊ - Satan's Arrival [Evil Epic Music].mp3",129.071,00:02:09,2067112,1.971,"special/awakening/＊Pieces of Eden＊ - Satan's Arrival [Evil Epic Music].mp3",yes
"Ekseption - Dance Macabre.mp3",124.526,00:02:05,2065434,1.970,"special/defeat/Ekseption - Dance Macabre.mp3",yes
"Thomas Bergersen - Hurt.mp3",103.367,00:01:43,2012930,1.920,"special/death-health/Thomas Bergersen - Hurt.mp3",yes
"Ganimian & His Orientals - Come With Me To The Casbah.mp3",152.973,00:02:33,1938559,1.849,"special/characters/becky-bishop/Ganimian & His Orientals - Come With Me To The Casbah.mp3",yes
"Xavier Cugat - TICO TICO - vegas1a (128k).mp3",118.920,00:01:59,1903532,1.815,"special/victory/Xavier Cugat - TICO TICO - vegas1a (128k).mp3",yes
"Mark Korven - Stranded - The Lighthouse OST.mp3",140.278,00:02:20,1899381,1.811,"special/characters/simon-fishbourne/Mark Korven - Stranded - The Lighthouse OST.mp3",yes
"Jimmie Rodgers Mule Skinner Blues (1930).mp3",183.301,00:03:03,1849305,1.764,"contacts/general/city/space-6/Jimmie Rodgers Mule Skinner Blues (1930).mp3",yes
"1928 HITS ARCHIVE_ Blue Yodel (T for Texas) - Jimmie Rodgers.mp3",204.043,00:03:24,1748030,1.667,"contacts/general/city/space-6/1928 HITS ARCHIVE_ Blue Yodel (T for Texas) - Jimmie Rodgers.mp3",yes
"Blue Yodel No. 8 by Jimmie Rodgers (1930).mp3",179.775,00:03:00,1572964,1.500,"contacts/general/city/space-6/Blue Yodel No. 8 by Jimmie Rodgers (1930).mp3",yes
"Gene Autry - Way Out West In Texas 1933.mp3",169.953,00:02:50,1560118,1.488,"contacts/general/city/space-6/Gene Autry - Way Out West In Texas 1933.mp3",yes
"Tchaikovsky - The Nutcracker, IV. Russian Dance - Trepak.mp3",75.233,00:01:15,1553473,1.482,"special/victory/Tchaikovsky - The Nutcracker, IV. Russian Dance - Trepak.mp3",yes
"16 POLAR VORTEX.mp3",79.282,00:01:19,1269479,1.211,"special/disaster/weather/polar-vortex/16 POLAR VORTEX.mp3",yes
"Spooky! Ominous bells of doom.mp3",71.393,00:01:11,803873,0.767,"special/devoured/Spooky! Ominous bells of doom.mp3",yes
test.mp3,,,8,0.000,action/test.mp3,no
